year_x,Area Total(km),Municipio,geocode_ibge,Estado,Area Desmatada(km)
2022,500.1,Atalaia,2700409,Alagoas,0.18
2022,91.08,Barra de Santo Antônio,2700508,Alagoas,0.05
2022,50.75,Barra de São Miguel,2700607,Alagoas,0.09
2022,286.87,Campo Alegre,2701407,Alagoas,0.07
2022,241.02,Capela,2701704,Alagoas,0.31
2022,152.22,Chã Preta,2701902,Alagoas,0.08
2022,165.3,Colônia Leopoldina,2702108,Alagoas,0.14
2022,745.7,Coruripe,2702306,Alagoas,0.23
2022,278.02,Flexeiras,2702801,Alagoas,0.19
2022,208.6,Ibateguara,2703007,Alagoas,0.49
2022,225.5,Igreja Nova,2703205,Alagoas,0.62
2022,192.22,Jacuípe,2703502,Alagoas,0.23
2022,71.5,Japaratinga,2703601,Alagoas,0.09
2022,220.29,Junqueiro,2704005,Alagoas,0.34
2022,362.56,Maceió,2704302,Alagoas,0.18
2022,85.77,Mar Vermelho,2704906,Alagoas,0.11
2022,266.89,Maragogi,2704500,Alagoas,0.03
2022,226.22,Marechal Deodoro,2704708,Alagoas,0.19
2022,160.34,Maribondo,2704807,Alagoas,0.35
2022,211.01,Matriz de Camaragibe,2705101,Alagoas,0.04
2022,190.49,Novo Lino,2705606,Alagoas,0.28
2022,159.55,Palmeira dos Índios,2706307,Alagoas,0.54
2022,187.01,Passo de Camaragibe,2706505,Alagoas,0.44
2022,520.22,Penedo,2706703,Alagoas,0.42
2022,110.97,Pindoba,2707008,Alagoas,0.43
2022,281.91,Porto Calvo,2707305,Alagoas,0.1
2022,91.61,Porto Real do Colégio,2707503,Alagoas,0.16
2022,204.05,Porto de Pedras,2707404,Alagoas,0.19
2022,266.53,Quebrangulo,2707602,Alagoas,0.09
2022,243.46,Rio Largo,2707701,Alagoas,0.13
2022,194.86,Santana do Mundaú,2708105,Alagoas,0.08
2022,36.38,Satuba,2708907,Alagoas,0.03
2022,212.45,São José da Laje,2708303,Alagoas,0.04
2022,352.21,São Luís do Quitunde,2708501,Alagoas,0.06
2022,53.42,São Miguel dos Milagres,2708709,Alagoas,0.13
2022,205.58,São Sebastião,2708808,Alagoas,0.1
2022,105.2,Tanque d'Arca,2709004,Alagoas,0.02
2022,262.4,Teotônio Vilela,2709152,Alagoas,0.63
2022,359.39,União dos Palmares,2709301,Alagoas,0.15
2022,353.24,Viçosa,2709400,Alagoas,0.22
2022,101.87,Aiquara,2900603,Bahia,2.58
2022,571.18,Alagoinhas,2900702,Bahia,0.71
2022,1053.59,Alcobaça,2900801,Bahia,1.09
2022,126.3,Almadina,2900900,Bahia,0.82
2022,361.44,Amargosa,2901007,Bahia,0.59
2022,152.47,Amélia Rodrigues,2901106,Bahia,0.1
2022,8.53,Anagé,2901205,Bahia,0.06
2022,269.82,Antônio Cardoso,2901700,Bahia,0.37
2022,281.95,Aporá,2901908,Bahia,0.6
2022,88.98,Apuarema,2901957,Bahia,0.4
2022,322.4,Aramari,2902203,Bahia,0.2
2022,75.43,Arataca,2902252,Bahia,1.74
2022,121.89,Aratuípe,2902302,Bahia,0.84
2022,318.4,Araçás,2902054,Bahia,1.27
2022,286.54,Aurelino Leal,2902401,Bahia,2.53
2022,600.49,Barra do Choça,2902906,Bahia,1.77
2022,91.87,Barra do Rocha,2903102,Bahia,0.69
2022,54.46,Barro Preto,2903300,Bahia,3.8
2022,897.19,Belmonte,2903409,Bahia,9.92
2022,333.1,Belo Campo,2903508,Bahia,1.92
2022,272.67,Boa Nova,2903706,Bahia,1.23
2022,293.22,Brejões,2904308,Bahia,0.94
2022,79.6,Buerarema,2904704,Bahia,2.55
2022,362.25,Caatiba,2904803,Bahia,2.2
2022,207.08,Cabaceiras do Paraguaçu,2904852,Bahia,0.44
2022,233.52,Cachoeira,2904902,Bahia,0.95
2022,20.41,Cairu,2905404,Bahia,0.19
2022,216.23,Camacan,2905602,Bahia,3.82
2022,263.07,Camamu,2905800,Bahia,2.59
2022,499.06,Camaçari,2905701,Bahia,0.54
2022,734.12,Canavieiras,2906303,Bahia,10.25
2022,31.59,Candeal,2906402,Bahia,0.04
2022,170.3,Candeias,2906501,Bahia,0.36
2022,1662.7,Caravelas,2906907,Bahia,1.04
2022,198.58,Cardeal da Silva,2907004,Bahia,0.08
2022,611.75,Castro Alves,2907301,Bahia,4.69
2022,324.58,Catu,2907509,Bahia,0.19
2022,136.15,Coaraci,2908002,Bahia,2.27
2022,144.79,Conceição da Feira,2908200,Bahia,0.52
2022,274.11,Conceição do Almeida,2908309,Bahia,0.31
2022,100.92,Conceição do Jacuípe,2908507,Bahia,0.04
2022,569.07,Conde,2908606,Bahia,0.22
2022,263.29,Coração de Maria,2908903,Bahia,0.14
2022,126.48,Cravolândia,2909505,Bahia,0.27
2022,129.28,Cruz das Almas,2909802,Bahia,0.46
2022,707.97,Cândido Sales,2906709,Bahia,6.85
2022,120.72,Dias d'Ávila,2910057,Bahia,0.27
2022,88.63,Dom Macedo Costa,2910206,Bahia,0.07
2022,236.08,Dário Meira,2910008,Bahia,4.09
2022,152.35,Elísio Medrado,2910305,Bahia,0.32
2022,1037.06,Encruzilhada,2910404,Bahia,10.9
2022,817.04,Entre Rios,2910503,Bahia,1.86
2022,878.81,Esplanada,2910602,Bahia,0.84
2022,1211.54,Eunápolis,2910727,Bahia,0.69
2022,709.53,Feira de Santana,2910800,Bahia,1.03
2022,143.19,Firmino Alves,2910909,Bahia,0.53
2022,234.33,Floresta Azul,2911006,Bahia,1.81
2022,94.4,Gandu,2911204,Bahia,1.91
2022,141.6,Gongogi,2911501,Bahia,1.18
2022,91.66,Governador Mangabeira,2911600,Bahia,0.28
2022,1473.83,Guaratinga,2911808,Bahia,0.56
2022,116.49,Ibicaraí,2912103,Bahia,2.31
2022,1000.35,Ibicuí,2912301,Bahia,1.79
2022,154.05,Ibirapitanga,2912707,Bahia,0.44
2022,681.56,Ibirapuã,2912806,Bahia,0.35
2022,143.63,Ibirataia,2912905,Bahia,0.66
2022,201.92,Igrapiúna,2913457,Bahia,1.29
2022,598.93,Iguaí,2913507,Bahia,3.63
2022,519.46,Ilhéus,2913606,Bahia,7.01
2022,526.95,Inhambupe,2913705,Bahia,1.1
2022,99.09,Ipecaetá,2913804,Bahia,0.9
2022,143.7,Ipiaú,2913903,Bahia,1.65
2022,225.33,Irajuba,2914208,Bahia,0.72
2022,208.98,Irará,2914505,Bahia,0.08
2022,651.85,Itabela,2914653,Bahia,1.82
2022,212.19,Itabuna,2914802,Bahia,4.88
2022,215.97,Itacaré,2914901,Bahia,0.88
2022,131.51,Itagi,2915106,Bahia,2.61
2022,579.55,Itagibá,2915205,Bahia,8.48
2022,795.73,Itagimirim,2915304,Bahia,0.69
2022,1044.09,Itaju do Colônia,2915403,Bahia,2.23
2022,56.56,Itajuípe,2915502,Bahia,2.06
2022,1690.89,Itamaraju,2915601,Bahia,1.52
2022,61.52,Itamari,2915700,Bahia,0.21
2022,1185.85,Itambé,2915809,Bahia,3.1
2022,339.19,Itanagra,2915908,Bahia,0.27
2022,1230.99,Itanhém,2916005,Bahia,0.27
2022,13.97,Itaparica,2916104,Bahia,0.04
2022,747.65,Itapebi,2916302,Bahia,0.24
2022,1425.62,Itapetinga,2916401,Bahia,0.85
2022,196.47,Itapicuru,2916500,Bahia,1.0
2022,341.75,Itapitanga,2916609,Bahia,1.94
2022,394.33,Itapé,2916203,Bahia,2.34
2022,279.06,Itaquara,2916708,Bahia,0.94
2022,1448.72,Itarantim,2916807,Bahia,1.04
2022,1.23,Itatim,2916856,Bahia,0.03
2022,239.27,Itiruçu,2916906,Bahia,0.39
2022,239.44,Itororó,2917102,Bahia,1.98
2022,124.75,Ituberá,2917300,Bahia,1.98
2022,684.54,Jaguaquara,2917607,Bahia,1.24
2022,310.88,Jaguaripe,2917805,Bahia,2.67
2022,354.29,Jandaíra,2917904,Bahia,0.76
2022,646.54,Jequié,2918001,Bahia,2.22
2022,151.71,Jiquiriçá,2918209,Bahia,2.06
2022,124.39,Jitaúna,2918308,Bahia,0.79
2022,1034.19,Jucuruçu,2918456,Bahia,1.82
2022,209.93,Jussari,2918555,Bahia,0.9
2022,263.24,Lafaiete Coutinho,2918704,Bahia,0.23
2022,373.44,Laje,2918803,Bahia,1.08
2022,271.46,Lajedo do Tabocal,2919058,Bahia,0.21
2022,580.15,Lajedão,2918902,Bahia,0.06
2022,39.74,Lauro de Freitas,2919207,Bahia,0.03
2022,980.08,Macarani,2919702,Bahia,2.97
2022,482.96,Maiquinique,2920007,Bahia,1.78
2022,385.9,Maracás,2920502,Bahia,1.03
2022,246.53,Maragogipe,2920601,Bahia,0.65
2022,232.51,Maraú,2920700,Bahia,1.99
2022,447.63,Mascote,2920908,Bahia,3.73
2022,329.77,Mata de São João,2921005,Bahia,0.73
2022,43.56,Milagres,2921302,Bahia,1.04
2022,1436.48,Mucuri,2922003,Bahia,0.78
2022,94.73,Muniz Ferreira,2922201,Bahia,0.21
2022,80.76,Muritiba,2922300,Bahia,0.17
2022,193.91,Mutuípe,2922409,Bahia,1.55
2022,185.59,Nazaré,2922508,Bahia,0.6
2022,97.4,Nilo Peçanha,2922607,Bahia,1.63
2022,657.86,Nova Canaã,2922706,Bahia,1.25
2022,89.48,Nova Ibiá,2922755,Bahia,0.2
2022,99.22,Nova Itarana,2922805,Bahia,0.96
2022,984.85,Nova Viçosa,2923001,Bahia,0.75
2022,135.75,Ouriçangas,2923308,Bahia,0.03
2022,136.79,Pedrão,2924108,Bahia,0.1
2022,83.21,Piraí do Norte,2924678,Bahia,1.76
2022,11.57,Piripá,2924702,Bahia,0.16
2022,27.23,Planaltino,2924900,Bahia,0.01
2022,434.77,Planalto,2925006,Bahia,1.19
2022,230.6,Pojuca,2925204,Bahia,0.36
2022,1242.28,Porto Seguro,2925303,Bahia,2.42
2022,274.08,Poções,2925105,Bahia,0.34
2022,1034.74,Prado,2925501,Bahia,1.03
2022,311.82,Presidente Tancredo Neves,2925758,Bahia,2.74
2022,36.52,Rafael Jambeiro,2925956,Bahia,0.01
2022,895.65,Ribeirão do Largo,2926657,Bahia,2.91
2022,458.7,Rio Real,2927002,Bahia,0.23
2022,28.53,Salinas da Margarida,2927309,Bahia,0.01
2022,213.52,Salvador,2927408,Bahia,0.09
2022,822.38,Santa Cruz Cabrália,2927705,Bahia,0.84
2022,245.65,Santa Cruz da Vitória,2927804,Bahia,0.43
2022,242.62,Santa Inês,2927903,Bahia,0.34
2022,340.73,Santa Luzia,2928059,Bahia,6.98
2022,229.75,Santa Terezinha,2928505,Bahia,0.84
2022,284.34,Santo Amaro,2928604,Bahia,0.59
2022,237.93,Santo Antônio de Jesus,2928703,Bahia,0.36
2022,150.19,Santo Estêvão,2928802,Bahia,0.39
2022,126.74,Sapeaçu,2929602,Bahia,0.39
2022,25.54,Saubara,2929750,Bahia,0.02
2022,248.17,Serra Preta,2930402,Bahia,0.05
2022,111.22,Simões Filho,2930709,Bahia,0.45
2022,203.49,São Felipe,2929107,Bahia,0.75
2022,123.44,São Francisco do Conde,2929206,Bahia,0.16
2022,85.23,São Félix,2929008,Bahia,0.27
2022,166.02,São Gonçalo dos Campos,2929305,Bahia,0.57
2022,36.72,São José da Vitória,2929354,Bahia,0.57
2022,205.25,São Miguel das Matas,2929404,Bahia,0.39
2022,410.52,São Sebastião do Passé,2929503,Bahia,0.47
2022,231.26,Taperoá,2931202,Bahia,3.01
2022,1037.1,Teixeira de Freitas,2931350,Bahia,0.04
2022,186.66,Teodoro Sampaio,2931400,Bahia,0.33
2022,175.2,Teolândia,2931608,Bahia,1.28
2022,174.4,Terra Nova,2931707,Bahia,0.13
2022,377.63,Tremedal,2931806,Bahia,2.98
2022,77.16,Ubaitaba,2932200,Bahia,0.63
2022,84.67,Ubatã,2932309,Bahia,0.14
2022,412.59,Ubaíra,2932101,Bahia,2.31
2022,346.95,Una,2932507,Bahia,5.21
2022,132.01,Uruçuca,2932705,Bahia,0.8
2022,566.53,Valença,2932903,Bahia,6.3
2022,178.13,Varzedo,2933174,Bahia,0.54
2022,64.73,Vera Cruz,2933208,Bahia,0.27
2022,671.53,Vereda,2933257,Bahia,0.52
2022,2045.13,Vitória da Conquista,2933307,Bahia,10.96
2022,334.23,Wenceslau Guimarães,2933505,Bahia,2.6
2022,303.18,Água Fria,2900405,Bahia,5.6
2022,687.4,Afonso Cláudio,3200102,Espírito Santo,0.46
2022,611.85,Alegre,3200201,Espírito Santo,0.01
2022,327.95,Alfredo Chaves,3200300,Espírito Santo,0.13
2022,182.02,Alto Rio Novo,3200359,Espírito Santo,0.13
2022,324.19,Anchieta,3200409,Espírito Santo,0.02
2022,158.12,Apiacá,3200508,Espírito Santo,0.05
2022,1093.15,Aracruz,3200607,Espírito Santo,0.45
2022,677.12,Baixo Guandu,3200805,Espírito Santo,0.02
2022,687.87,Barra de São Francisco,3200904,Espírito Santo,0.56
2022,380.32,Boa Esperança,3201001,Espírito Santo,0.02
2022,262.89,Brejetuba,3201159,Espírito Santo,0.05
2022,676.8,Cachoeiro de Itapemirim,3201209,Espírito Santo,0.13
2022,169.18,Cariacica,3201308,Espírito Santo,0.14
2022,414.33,Castelo,3201407,Espírito Santo,0.23
2022,1083.57,Colatina,3201506,Espírito Santo,0.56
2022,884.47,Conceição da Barra,3201605,Espírito Santo,0.15
2022,228.9,Conceição do Castelo,3201704,Espírito Santo,0.1
2022,702.87,Domingos Martins,3201902,Espírito Santo,0.7
2022,2008.19,Ecoporanga,3202108,Espírito Santo,0.56
2022,195.91,Fundão,3202207,Espírito Santo,0.03
2022,279.75,Governador Lindenberg,3202256,Espírito Santo,0.24
2022,324.38,Guarapari,3202405,Espírito Santo,0.35
2022,394.75,Guaçuí,3202306,Espírito Santo,0.07
2022,131.33,Ibiraçu,3202504,Espírito Santo,0.05
2022,137.49,Iconha,3202603,Espírito Santo,0.05
2022,360.14,Itaguaçu,3202702,Espírito Santo,0.02
2022,494.25,Itapemirim,3202801,Espírito Santo,0.1
2022,179.07,Itarana,3202900,Espírito Santo,0.15
2022,305.88,Iúna,3203007,Espírito Santo,0.2
2022,504.36,Jaguaré,3203056,Espírito Santo,0.27
2022,192.87,João Neiva,3203130,Espírito Santo,0.07
2022,345.41,Laranja da Terra,3203163,Espírito Santo,0.28
2022,2244.15,Linhares,3203205,Espírito Santo,1.27
2022,264.61,Mantenópolis,3203304,Espírito Santo,0.46
2022,133.44,Marechal Floriano,3203346,Espírito Santo,0.09
2022,214.88,Marilândia,3203353,Espírito Santo,0.21
2022,662.9,Mimoso do Sul,3203403,Espírito Santo,0.2
2022,1023.79,Montanha,3203502,Espírito Santo,0.12
2022,474.76,Muniz Freire,3203700,Espírito Santo,0.26
2022,227.5,Muqui,3203809,Espírito Santo,0.08
2022,1127.79,Nova Venécia,3203908,Espírito Santo,0.87
2022,479.75,Pancas,3204005,Espírito Santo,0.51
2022,393.76,Pedro Canário,3204054,Espírito Santo,0.18
2022,506.76,Rio Bananal,3204351,Espírito Santo,0.46
2022,314.01,Santa Leopoldina,3204500,Espírito Santo,0.56
2022,403.15,Santa Maria de Jetibá,3204559,Espírito Santo,0.95
2022,371.09,Santa Teresa,3204609,Espírito Santo,0.2
2022,385.59,Serra,3205002,Espírito Santo,0.21
2022,317.98,Sooretama,3205010,Espírito Santo,0.04
2022,249.34,São Domingos do Norte,3204658,Espírito Santo,0.07
2022,351.91,São Gabriel da Palha,3204708,Espírito Santo,0.61
2022,212.08,São José do Calçado,3204807,Espírito Santo,0.09
2022,1940.37,São Mateus,3204906,Espírito Santo,1.58
2022,243.4,São Roque do Canaã,3204955,Espírito Santo,0.1
2022,233.56,Vargem Alta,3205036,Espírito Santo,0.05
2022,118.46,Venda Nova do Imigrante,3205069,Espírito Santo,0.16
2022,197.35,Viana,3205101,Espírito Santo,0.12
2022,317.69,Vila Pavão,3205150,Espírito Santo,0.23
2022,390.44,Vila Valério,3205176,Espírito Santo,0.21
2022,167.74,Vila Velha,3205200,Espírito Santo,0.28
2022,49.51,Vitória,3205309,Espírito Santo,0.05
2022,329.1,Água Doce do Norte,3200169,Espírito Santo,0.38
2022,271.46,Águia Branca,3200136,Espírito Santo,0.31
2022,457.42,Buriti Alegre,5203906,Goiás,0.12
2022,311.3,Morrinhos,5213806,Goiás,0.31
2022,553.63,Paranaiguara,5216304,Goiás,0.15
2022,13.54,Rio Quente,5218789,Goiás,0.08
2022,1514.49,Amambai,5000609,Mato Grosso do Sul,0.14
2022,1130.34,Batayporã,5002001,Mato Grosso do Sul,0.78
2022,748.64,Deodápolis,5003454,Mato Grosso do Sul,0.16
2022,255.32,Douradina,5003504,Mato Grosso do Sul,0.07
2022,1774.09,Dourados,5003702,Mato Grosso do Sul,0.08
2022,301.04,Fátima do Sul,5003801,Mato Grosso do Sul,0.01
2022,470.23,Glória de Dourados,5004007,Mato Grosso do Sul,0.07
2022,1589.1,Iguatemi,5004304,Mato Grosso do Sul,0.05
2022,1619.08,Itaquiraí,5004601,Mato Grosso do Sul,0.16
2022,1747.75,Ivinhema,5004700,Mato Grosso do Sul,0.55
2022,344.53,Japorã,5004809,Mato Grosso do Sul,0.06
2022,1440.49,Jateí,5005103,Mato Grosso do Sul,0.01
2022,1407.12,Juti,5005152,Mato Grosso do Sul,0.34
2022,302.93,Mundo Novo,5005681,Mato Grosso do Sul,0.08
2022,2326.98,Naviraí,5005707,Mato Grosso do Sul,6.94
2022,38.45,Nova Alvorada do Sul,5006002,Mato Grosso do Sul,0.09
2022,511.74,Nova Andradina,5006200,Mato Grosso do Sul,0.04
2022,705.27,Novo Horizonte do Sul,5006259,Mato Grosso do Sul,0.07
2022,1182.74,Tacuru,5007950,Mato Grosso do Sul,0.17
2022,586.48,Taquarussu,5007976,Mato Grosso do Sul,0.61
2022,300.86,Vicentina,5008404,Mato Grosso do Sul,0.01
2022,380.21,Abre Campo,3100302,Minas Gerais,0.66
2022,74.49,Acaiaca,3100401,Minas Gerais,0.01
2022,137.26,Aguanil,3100807,Minas Gerais,0.02
2022,1032.52,Aimorés,3101102,Minas Gerais,1.27
2022,436.56,Aiuruoca,3101201,Minas Gerais,0.02
2022,82.43,Alagoa,3101300,Minas Gerais,0.01
2022,960.53,Almenara,3101706,Minas Gerais,7.25
2022,143.86,Alpinópolis,3101904,Minas Gerais,0.07
2022,109.26,Alto Jequitibá,3153509,Minas Gerais,0.1
2022,395.24,Alto Rio Doce,3102100,Minas Gerais,0.07
2022,173.05,Alvarenga,3102209,Minas Gerais,0.67
2022,463.09,Alvinópolis,3102308,Minas Gerais,0.46
2022,174.65,Alvorada de Minas,3102407,Minas Gerais,0.27
2022,359.7,Além Paraíba,3101508,Minas Gerais,0.01
2022,108.34,Amparo do Serra,3102506,Minas Gerais,0.05
2022,78.19,Angelândia,3102852,Minas Gerais,0.38
2022,393.25,Antônio Carlos,3102902,Minas Gerais,0.08
2022,511.69,Antônio Dias,3103009,Minas Gerais,0.53
2022,453.23,Araguari,3103504,Minas Gerais,0.14
2022,192.94,Araponga,3103702,Minas Gerais,0.08
2022,710.68,Araçuaí,3103405,Minas Gerais,14.32
2022,140.02,Arceburgo,3104106,Minas Gerais,0.05
2022,147.13,Arcos,3104205,Minas Gerais,0.08
2022,159.46,Aricanduva,3104452,Minas Gerais,1.51
2022,133.35,Astolfo Dutra,3104601,Minas Gerais,0.01
2022,1435.34,Ataléia,3104700,Minas Gerais,1.45
2022,532.9,Açucena,3100500,Minas Gerais,1.46
2022,468.78,Baependi,3104908,Minas Gerais,0.34
2022,230.31,Bandeira,3105202,Minas Gerais,3.04
2022,623.02,Barbacena,3105608,Minas Gerais,0.07
2022,295.51,Barra Longa,3105707,Minas Gerais,0.26
2022,123.22,Barão de Cocais,3105400,Minas Gerais,0.94
2022,159.22,Barão de Monte Alto,3105509,Minas Gerais,0.06
2022,68.66,Bela Vista de Minas,3106002,Minas Gerais,0.2
2022,283.21,Belmiro Braga,3106101,Minas Gerais,0.03
2022,181.44,Belo Horizonte,3106200,Minas Gerais,0.18
2022,261.53,Belo Oriente,3106309,Minas Gerais,0.08
2022,264.36,Belo Vale,3106408,Minas Gerais,1.11
2022,216.21,Berizal,3106655,Minas Gerais,1.22
2022,351.02,Bertópolis,3106606,Minas Gerais,0.42
2022,156.8,Betim,3106705,Minas Gerais,0.98
2022,145.74,Boa Esperança,3107109,Minas Gerais,0.04
2022,204.04,Bocaina de Minas,3107208,Minas Gerais,0.04
2022,223.47,Bom Jardim de Minas,3107505,Minas Gerais,0.04
2022,173.78,Bom Jesus da Penha,3107604,Minas Gerais,0.02
2022,464.88,Bom Jesus do Galho,3107802,Minas Gerais,0.81
2022,582.61,Bom Sucesso,3108008,Minas Gerais,0.08
2022,246.02,Bonfim,3108107,Minas Gerais,0.68
2022,296.91,Botelhos,3108404,Minas Gerais,0.03
2022,286.53,Brazópolis,3108909,Minas Gerais,0.02
2022,212.73,Braúnas,3108800,Minas Gerais,0.47
2022,306.43,Brumadinho,3109006,Minas Gerais,1.33
2022,160.44,Brás Pires,3108701,Minas Gerais,0.18
2022,290.48,Bueno Brandão,3109105,Minas Gerais,0.05
2022,137.21,Bugre,3109253,Minas Gerais,0.05
2022,225.58,Cachoeira de Pajeú,3102704,Minas Gerais,1.42
2022,240.25,Caeté,3110004,Minas Gerais,1.33
2022,92.2,Caiana,3110103,Minas Gerais,0.09
2022,589.87,Caldas,3110301,Minas Gerais,0.04
2022,182.32,Camacho,3110400,Minas Gerais,0.32
2022,356.71,Camanducaia,3110509,Minas Gerais,0.03
2022,207.86,Cambuquira,3110707,Minas Gerais,0.15
2022,292.62,Campanha,3110905,Minas Gerais,0.02
2022,302.05,Campanário,3110806,Minas Gerais,0.99
2022,506.04,Campestre,3111002,Minas Gerais,0.03
2022,425.89,Campo Belo,3111200,Minas Gerais,0.14
2022,247.58,Campos Gerais,3111606,Minas Gerais,0.05
2022,138.8,Canaã,3111705,Minas Gerais,0.07
2022,379.99,Candeias,3112000,Minas Gerais,0.49
2022,108.89,Cantagalo,3112059,Minas Gerais,0.13
2022,95.08,Caparaó,3112109,Minas Gerais,0.01
2022,87.44,Capela Nova,3112208,Minas Gerais,0.02
2022,248.11,Capelinha,3112307,Minas Gerais,2.28
2022,473.36,Capinópolis,3112604,Minas Gerais,0.07
2022,242.31,Capitão Andrade,3112653,Minas Gerais,0.04
2022,152.97,Caputira,3112901,Minas Gerais,0.13
2022,107.03,Caranaíba,3113107,Minas Gerais,0.28
2022,385.85,Carandaí,3113206,Minas Gerais,0.38
2022,955.79,Caratinga,3113404,Minas Gerais,1.2
2022,454.79,Caraí,3113008,Minas Gerais,6.69
2022,2743.95,Carlos Chagas,3113701,Minas Gerais,2.11
2022,431.61,Carmo da Cachoeira,3113909,Minas Gerais,0.12
2022,228.69,Carmo da Mata,3114006,Minas Gerais,0.64
2022,260.42,Carmo de Minas,3114105,Minas Gerais,0.11
2022,78.38,Carmo do Cajuru,3114204,Minas Gerais,0.28
2022,528.89,Carmo do Rio Claro,3114402,Minas Gerais,0.06
2022,126.51,Carmésia,3113800,Minas Gerais,0.22
2022,301.04,Carmópolis de Minas,3114501,Minas Gerais,0.82
2022,478.6,Carrancas,3114600,Minas Gerais,0.11
2022,193.03,Carvalhos,3114808,Minas Gerais,0.15
2022,125.73,Casa Grande,3114907,Minas Gerais,0.2
2022,408.34,Cataguases,3115300,Minas Gerais,0.02
2022,107.71,Catas Altas,3115359,Minas Gerais,0.04
2022,81.83,Catas Altas da Noruega,3115409,Minas Gerais,0.51
2022,215.84,Catuji,3115458,Minas Gerais,1.7
2022,170.58,Central de Minas,3115706,Minas Gerais,0.01
2022,161.2,Chalé,3116001,Minas Gerais,0.11
2022,57.15,Chapada do Norte,3116100,Minas Gerais,1.67
2022,183.5,Chiador,3116209,Minas Gerais,0.16
2022,96.81,Cláudio,3116605,Minas Gerais,0.49
2022,212.98,Coluna,3116803,Minas Gerais,1.36
2022,212.04,Comercinho,3117009,Minas Gerais,2.3
2022,233.28,Conceição da Barra de Minas,3115201,Minas Gerais,0.02
2022,684.11,Conceição das Alagoas,3117306,Minas Gerais,0.23
2022,201.02,Conceição de Ipanema,3117405,Minas Gerais,0.01
2022,593.54,Conceição do Mato Dentro,3117504,Minas Gerais,1.81
2022,29.98,Conceição do Pará,3117603,Minas Gerais,0.12
2022,146.79,Conceição dos Ouros,3117801,Minas Gerais,0.07
2022,169.91,Congonhas,3118007,Minas Gerais,0.58
2022,97.89,Congonhas do Norte,3118106,Minas Gerais,0.39
2022,286.14,Conselheiro Lafaiete,3118304,Minas Gerais,1.01
2022,1025.34,Conselheiro Pena,3118403,Minas Gerais,2.15
2022,36.7,Contagem,3118601,Minas Gerais,0.04
2022,163.89,Coqueiral,3118700,Minas Gerais,0.01
2022,160.0,Cordislândia,3119005,Minas Gerais,0.03
2022,394.01,Coroaci,3119203,Minas Gerais,1.51
2022,135.49,Coronel Fabriciano,3119401,Minas Gerais,0.16
2022,199.12,Coronel Murta,3119500,Minas Gerais,5.92
2022,115.41,Coronel Xavier Chaves,3119708,Minas Gerais,0.02
2022,2.53,Couto de Magalhães de Minas,3120102,Minas Gerais,0.01
2022,91.09,Cristais,3120201,Minas Gerais,0.06
2022,109.2,Cristiano Otoni,3120409,Minas Gerais,0.3
2022,245.05,Cristina,3120508,Minas Gerais,0.02
2022,708.72,Crisólita,3120151,Minas Gerais,0.94
2022,143.55,Crucilândia,3120607,Minas Gerais,0.2
2022,439.97,Cruzília,3120805,Minas Gerais,0.17
2022,174.85,Cuparaque,3120839,Minas Gerais,0.06
2022,260.75,Curral de Dentro,3120870,Minas Gerais,1.12
2022,197.07,Cássia,3115102,Minas Gerais,0.06
2022,149.7,Córrego Novo,3120003,Minas Gerais,0.31
2022,161.93,Descoberto,3121308,Minas Gerais,0.05
2022,291.25,Desterro de Entre Rios,3121407,Minas Gerais,0.61
2022,120.47,Diogo de Vasconcelos,3121704,Minas Gerais,0.07
2022,244.72,Dionísio,3121803,Minas Gerais,0.11
2022,277.6,Divino,3122009,Minas Gerais,0.06
2022,287.39,Divino das Laranjeiras,3122108,Minas Gerais,0.59
2022,92.51,Divinolândia de Minas,3122207,Minas Gerais,0.45
2022,108.98,Divinópolis,3122306,Minas Gerais,0.15
2022,43.59,Divisa Alegre,3122355,Minas Gerais,0.59
2022,249.65,Divisópolis,3122454,Minas Gerais,2.04
2022,54.47,Dom Cavati,3122504,Minas Gerais,0.02
2022,242.29,Dom Joaquim,3122603,Minas Gerais,1.61
2022,144.24,Dom Silvério,3122702,Minas Gerais,0.1
2022,52.26,Dona Euzébia,3122900,Minas Gerais,0.01
2022,108.66,Dores de Campos,3123007,Minas Gerais,0.01
2022,227.17,Dores de Guanhães,3123106,Minas Gerais,0.99
2022,169.41,Durandé,3123528,Minas Gerais,0.64
2022,173.56,Engenheiro Caldas,3123700,Minas Gerais,0.05
2022,69.75,Entre Folhas,3123858,Minas Gerais,0.13
2022,345.99,Entre Rios de Minas,3123908,Minas Gerais,1.05
2022,282.1,Ervália,3124005,Minas Gerais,0.15
2022,256.61,Espera Feliz,3124203,Minas Gerais,0.12
2022,215.06,Espírito Santo do Dourado,3124401,Minas Gerais,0.01
2022,104.83,Estrela Dalva,3124609,Minas Gerais,0.07
2022,238.68,Eugenópolis,3124906,Minas Gerais,0.06
2022,372.81,Felisburgo,3125606,Minas Gerais,0.71
2022,560.19,Ferros,3125903,Minas Gerais,1.33
2022,264.19,Fervedouro,3125952,Minas Gerais,0.19
2022,567.56,Formiga,3126109,Minas Gerais,0.2
2022,154.56,Fortaleza de Minas,3126307,Minas Gerais,0.02
2022,98.61,Francisco Badaró,3126505,Minas Gerais,2.74
2022,513.15,Franciscópolis,3126752,Minas Gerais,1.39
2022,398.82,Frei Gaspar,3126802,Minas Gerais,1.02
2022,404.77,Frei Inocêncio,3126901,Minas Gerais,0.2
2022,109.39,Frei Lagonegro,3126950,Minas Gerais,0.58
2022,179.03,Fronteira dos Vales,3127057,Minas Gerais,0.99
2022,18.5,Fruta de Leite,3127073,Minas Gerais,0.22
2022,544.3,Frutal,3127107,Minas Gerais,0.07
2022,559.79,Galiléia,3127305,Minas Gerais,1.08
2022,88.26,Goiabeira,3127370,Minas Gerais,0.41
2022,130.02,Goianá,3127388,Minas Gerais,0.12
2022,133.83,Gonzaga,3127503,Minas Gerais,1.56
2022,1951.74,Governador Valadares,3127701,Minas Gerais,2.12
2022,677.03,Guanhães,3128006,Minas Gerais,2.42
2022,235.09,Guaraciaba,3128204,Minas Gerais,0.14
2022,222.48,Guarani,3128402,Minas Gerais,0.02
2022,134.67,Guidoval,3128808,Minas Gerais,0.02
2022,292.5,Iapu,3129301,Minas Gerais,0.08
2022,300.78,Ibertioga,3129400,Minas Gerais,0.02
2022,49.95,Ibirité,3129806,Minas Gerais,0.09
2022,127.61,Ibituruna,3130002,Minas Gerais,0.05
2022,11.86,Igarapé,3130101,Minas Gerais,0.14
2022,45.87,Igaratinga,3130200,Minas Gerais,0.08
2022,169.91,Imbé de Minas,3130556,Minas Gerais,0.2
2022,21.09,Indaiabira,3130655,Minas Gerais,0.45
2022,225.74,Ingaí,3130804,Minas Gerais,0.01
2022,679.37,Inhapim,3130903,Minas Gerais,0.99
2022,88.09,Ipaba,3131158,Minas Gerais,0.03
2022,347.5,Ipanema,3131208,Minas Gerais,0.49
2022,106.47,Ipatinga,3131307,Minas Gerais,0.11
2022,428.68,Ipiaçu,3131406,Minas Gerais,0.05
2022,412.24,Itabira,3131703,Minas Gerais,0.36
2022,150.37,Itabirinha,3131802,Minas Gerais,0.11
2022,145.88,Itabirito,3131901,Minas Gerais,1.22
2022,256.62,Itaguara,3132206,Minas Gerais,1.89
2022,240.8,Itaipé,3132305,Minas Gerais,3.22
2022,217.92,Itajubá,3132404,Minas Gerais,0.02
2022,488.85,Itamarandiba,3132503,Minas Gerais,4.07
2022,1018.0,Itambacuri,3132701,Minas Gerais,3.06
2022,52.92,Itambé do Mato Dentro,3132800,Minas Gerais,0.15
2022,204.51,Itamogi,3132909,Minas Gerais,0.09
2022,159.13,Itamonte,3133006,Minas Gerais,0.01
2022,425.47,Itanhomi,3133204,Minas Gerais,0.35
2022,281.7,Itaobim,3133303,Minas Gerais,0.95
2022,433.85,Itapagipe,3133402,Minas Gerais,0.05
2022,550.03,Itapecerica,3133501,Minas Gerais,1.15
2022,189.66,Itatiaiuçu,3133709,Minas Gerais,0.55
2022,189.78,Itaverava,3133907,Minas Gerais,0.32
2022,277.79,Itaúna,3133808,Minas Gerais,0.21
2022,540.76,Itinga,3134004,Minas Gerais,8.5
2022,342.76,Itueta,3134103,Minas Gerais,0.75
2022,279.43,Itutinga,3134509,Minas Gerais,0.03
2022,925.71,Jacinto,3134707,Minas Gerais,4.27
2022,330.17,Jacuí,3134806,Minas Gerais,0.01
2022,78.92,Jaguaraçu,3135001,Minas Gerais,0.18
2022,430.07,Jampruca,3135076,Minas Gerais,0.33
2022,187.17,Jeceaba,3135407,Minas Gerais,0.35
2022,69.67,Jenipapo de Minas,3135456,Minas Gerais,1.48
2022,414.25,Jequeri,3135506,Minas Gerais,0.93
2022,994.48,Jequitinhonha,3135803,Minas Gerais,7.28
2022,159.41,Joanésia,3136108,Minas Gerais,0.18
2022,852.64,Joaíma,3136009,Minas Gerais,4.8
2022,409.69,Jordânia,3136504,Minas Gerais,1.75
2022,128.46,José Raydan,3136553,Minas Gerais,0.32
2022,72.63,João Monlevade,3136207,Minas Gerais,0.04
2022,8.98,Juatuba,3136652,Minas Gerais,0.02
2022,1107.44,Juiz de Fora,3136702,Minas Gerais,0.09
2022,188.64,Juruaia,3136900,Minas Gerais,0.02
2022,362.33,Ladainha,3137007,Minas Gerais,2.09
2022,367.44,Lagoa Dourada,3137403,Minas Gerais,1.12
2022,335.63,Lajinha,3137700,Minas Gerais,0.2
2022,86.29,Lamim,3137908,Minas Gerais,0.02
2022,170.11,Laranjal,3138005,Minas Gerais,0.02
2022,477.69,Lavras,3138203,Minas Gerais,0.07
2022,48.49,Leandro Ferreira,3138302,Minas Gerais,0.07
2022,758.1,Leopoldina,3138401,Minas Gerais,0.01
2022,581.82,Lima Duarte,3138609,Minas Gerais,0.02
2022,336.82,Luminárias,3138708,Minas Gerais,0.69
2022,288.0,Machacalis,3138906,Minas Gerais,0.11
2022,409.09,Malacacheta,3139201,Minas Gerais,3.01
2022,467.99,Manhuaçu,3139409,Minas Gerais,0.52
2022,129.66,Manhumirim,3139508,Minas Gerais,0.12
2022,475.34,Mantena,3139607,Minas Gerais,0.13
2022,286.67,Mar de Espanha,3139805,Minas Gerais,0.02
2022,112.2,Maravilhas,3139706,Minas Gerais,0.28
2022,514.31,Mariana,3140001,Minas Gerais,1.18
2022,135.01,Marilac,3140100,Minas Gerais,0.15
2022,152.3,Marliéria,3140308,Minas Gerais,0.17
2022,89.45,Martins Soares,3140530,Minas Gerais,0.01
2022,136.39,Mata Verde,3140555,Minas Gerais,1.31
2022,145.63,Materlândia,3140605,Minas Gerais,0.82
2022,67.56,Mateus Leme,3140704,Minas Gerais,0.15
2022,159.28,Mathias Lobato,3171501,Minas Gerais,0.06
2022,108.76,Matias Barbosa,3140803,Minas Gerais,0.03
2022,226.9,Matipó,3140902,Minas Gerais,0.09
2022,463.8,Medina,3141405,Minas Gerais,3.05
2022,264.26,Mendes Pimentel,3141504,Minas Gerais,0.03
2022,293.12,Mercês,3141603,Minas Gerais,0.03
2022,161.6,Mesquita,3141702,Minas Gerais,0.34
2022,94.98,Minas Novas,3141801,Minas Gerais,1.12
2022,149.27,Minduri,3141900,Minas Gerais,0.03
2022,231.86,Miradouro,3142106,Minas Gerais,0.03
2022,82.07,Moeda,3142304,Minas Gerais,0.39
2022,88.42,Monte Alegre de Minas,3142809,Minas Gerais,0.01
2022,184.36,Monte Formoso,3143153,Minas Gerais,1.8
2022,378.71,Monte Santo de Minas,3143203,Minas Gerais,0.02
2022,246.13,Monte Sião,3143401,Minas Gerais,0.07
2022,148.21,Morro do Pilar,3143708,Minas Gerais,0.56
2022,702.3,Muriaé,3143906,Minas Gerais,0.03
2022,896.19,Mutum,3144003,Minas Gerais,1.42
2022,17.15,Mário Campos,3140159,Minas Gerais,0.05
2022,152.87,Nacip Raydan,3144201,Minas Gerais,0.08
2022,1385.81,Nanuque,3144300,Minas Gerais,0.12
2022,115.71,Naque,3144359,Minas Gerais,0.15
2022,278.99,Nazareno,3144508,Minas Gerais,0.15
2022,500.82,Nepomuceno,3144607,Minas Gerais,0.03
2022,569.94,Ninheira,3144656,Minas Gerais,3.36
2022,94.44,Nova Belém,3144672,Minas Gerais,0.15
2022,214.23,Nova Era,3144706,Minas Gerais,0.11
2022,123.78,Nova Lima,3144805,Minas Gerais,0.86
2022,330.19,Nova Módica,3144904,Minas Gerais,0.2
2022,10.18,Nova União,3136603,Minas Gerais,0.06
2022,560.68,Novo Cruzeiro,3145307,Minas Gerais,6.54
2022,349.56,Novo Oriente de Minas,3145356,Minas Gerais,2.21
2022,28.73,Novorizonte,3145372,Minas Gerais,0.31
2022,99.9,Olaria,3145406,Minas Gerais,0.03
2022,691.89,Oliveira,3145604,Minas Gerais,1.51
2022,109.96,Onça de Pitangui,3145802,Minas Gerais,0.33
2022,73.13,Oratórios,3145851,Minas Gerais,0.03
2022,100.7,Orizânia,3145877,Minas Gerais,0.06
2022,99.49,Ouro Branco,3145901,Minas Gerais,0.24
2022,460.53,Ouro Fino,3146008,Minas Gerais,0.03
2022,398.64,Ouro Preto,3146107,Minas Gerais,1.59
2022,234.23,Padre Paraíso,3146305,Minas Gerais,1.88
2022,261.03,Palma,3146701,Minas Gerais,0.04
2022,328.42,Palmópolis,3146750,Minas Gerais,0.44
2022,18.97,Papagaios,3146909,Minas Gerais,0.06
2022,237.88,Pará de Minas,3147105,Minas Gerais,0.64
2022,320.44,Passa Tempo,3147709,Minas Gerais,0.92
2022,70.62,Passabém,3147501,Minas Gerais,0.06
2022,175.28,Passos,3147907,Minas Gerais,0.06
2022,92.12,Patrocínio do Muriaé,3148202,Minas Gerais,0.03
2022,149.14,Paulistas,3148400,Minas Gerais,0.6
2022,420.46,Pavão,3148509,Minas Gerais,0.42
2022,405.36,Pedra Azul,3148707,Minas Gerais,3.22
2022,128.66,Pedra Bonita,3148756,Minas Gerais,0.33
2022,138.87,Pedra do Anta,3148806,Minas Gerais,0.01
2022,296.23,Pedra do Indaiá,3148905,Minas Gerais,0.11
2022,66.61,Pequi,3149606,Minas Gerais,0.06
2022,239.0,Perdões,3149903,Minas Gerais,0.01
2022,192.86,Periquito,3149952,Minas Gerais,0.1
2022,255.45,Pescador,3150000,Minas Gerais,0.58
2022,725.06,Peçanha,3148608,Minas Gerais,1.14
2022,152.28,Piau,3150109,Minas Gerais,0.03
2022,88.57,Piedade de Caratinga,3150158,Minas Gerais,0.45
2022,73.38,Piedade de Ponte Nova,3150208,Minas Gerais,0.1
2022,280.9,Piedade do Rio Grande,3150307,Minas Gerais,0.09
2022,209.03,Piedade dos Gerais,3150406,Minas Gerais,0.78
2022,47.87,Pingo-d'Água,3150539,Minas Gerais,0.32
2022,226.59,Piracema,3150604,Minas Gerais,1.0
2022,442.05,Piranga,3150802,Minas Gerais,0.6
2022,162.15,Pirapetinga,3151107,Minas Gerais,0.13
2022,127.71,Piraúba,3151305,Minas Gerais,0.1
2022,60.78,Pitangui,3151404,Minas Gerais,0.09
2022,495.06,Pocrane,3151909,Minas Gerais,0.47
2022,365.12,Ponte Nova,3152105,Minas Gerais,0.23
2022,446.56,Ponto dos Volantes,3152170,Minas Gerais,3.77
2022,201.05,Porto Firme,3152303,Minas Gerais,0.34
2022,365.26,Poté,3152402,Minas Gerais,1.34
2022,409.64,Poço Fundo,3151701,Minas Gerais,0.02
2022,459.38,Poços de Caldas,3151800,Minas Gerais,0.02
2022,221.41,Prados,3152709,Minas Gerais,0.01
2022,157.27,Presidente Bernardes,3153103,Minas Gerais,0.1
2022,19.85,Presidente Kubitschek,3153301,Minas Gerais,0.18
2022,109.62,Queluzito,3153806,Minas Gerais,0.34
2022,7.32,Raposos,3153905,Minas Gerais,0.04
2022,639.86,Raul Soares,3154002,Minas Gerais,0.76
2022,118.53,Reduto,3154150,Minas Gerais,0.04
2022,479.68,Resende Costa,3154200,Minas Gerais,1.04
2022,862.38,Resplendor,3154309,Minas Gerais,0.96
2022,149.61,Ressaquinha,3154408,Minas Gerais,0.17
2022,42.24,Ribeirão Vermelho,3154705,Minas Gerais,0.02
2022,18.04,Rio Acima,3154804,Minas Gerais,0.31
2022,304.69,Rio Casca,3154903,Minas Gerais,0.39
2022,86.26,Rio Doce,3155009,Minas Gerais,0.01
2022,182.65,Rio Espera,3155207,Minas Gerais,0.03
2022,162.5,Rio Manso,3155306,Minas Gerais,0.42
2022,184.91,Rio Novo,3155405,Minas Gerais,0.29
2022,279.02,Rio Piracicaba,3155702,Minas Gerais,0.16
2022,180.59,Rio Preto,3155900,Minas Gerais,0.02
2022,460.43,Rio Vermelho,3156007,Minas Gerais,4.73
2022,355.12,Rio do Prado,3155108,Minas Gerais,1.15
2022,304.21,Ritápolis,3156106,Minas Gerais,0.05
2022,388.58,Rubelita,3156502,Minas Gerais,2.83
2022,617.54,Rubim,3156601,Minas Gerais,0.98
2022,60.12,Sabará,3156700,Minas Gerais,0.89
2022,523.3,Sabinópolis,3156809,Minas Gerais,2.83
2022,245.37,Sacramento,3156908,Minas Gerais,0.11
2022,823.75,Salinas,3157005,Minas Gerais,4.84
2022,811.62,Salto da Divisa,3157104,Minas Gerais,1.05
2022,243.86,Santa Bárbara,3157203,Minas Gerais,1.24
2022,90.48,Santa Bárbara do Leste,3157252,Minas Gerais,0.09
2022,191.36,Santa Cruz de Salinas,3157377,Minas Gerais,1.9
2022,212.28,Santa Cruz do Escalvado,3157401,Minas Gerais,0.2
2022,99.11,Santa Efigênia de Minas,3157500,Minas Gerais,0.41
2022,207.94,Santa Helena de Minas,3157658,Minas Gerais,0.4
2022,5.56,Santa Luzia,3157807,Minas Gerais,0.07
2022,218.33,Santa Margarida,3157906,Minas Gerais,0.16
2022,320.25,Santa Maria de Itabira,3158003,Minas Gerais,0.15
2022,307.08,Santa Maria do Salto,3158102,Minas Gerais,0.07
2022,384.79,Santa Maria do Suaçuí,3158201,Minas Gerais,1.59
2022,222.9,Santa Rita de Jacutinga,3159308,Minas Gerais,0.16
2022,266.97,Santa Rita do Itueto,3159506,Minas Gerais,0.21
2022,787.4,Santa Vitória,3159803,Minas Gerais,0.02
2022,92.28,Santana do Jacaré,3158805,Minas Gerais,0.04
2022,284.51,Santana do Manhuaçu,3158904,Minas Gerais,0.57
2022,196.62,Santana do Paraíso,3158953,Minas Gerais,0.19
2022,135.47,Santana dos Montes,3159100,Minas Gerais,0.3
2022,395.52,Santo Antônio do Amparo,3159902,Minas Gerais,0.17
2022,106.4,Santo Antônio do Grama,3160108,Minas Gerais,0.01
2022,146.48,Santo Antônio do Itambé,3160207,Minas Gerais,1.39
2022,342.1,Santo Antônio do Monte,3160405,Minas Gerais,0.06
2022,77.76,Santo Antônio do Rio Abaixo,3160504,Minas Gerais,0.26
2022,516.88,Santos Dumont,3160702,Minas Gerais,0.2
2022,120.09,Sapucaí-Mirim,3165404,Minas Gerais,0.31
2022,105.81,Sardoá,3165503,Minas Gerais,0.44
2022,34.64,Sarzedo,3165537,Minas Gerais,0.16
2022,147.5,Sem-Peixe,3165560,Minas Gerais,0.06
2022,129.42,Senador Firmino,3165701,Minas Gerais,0.11
2022,28.37,Senador Modestino Gonçalves,3165909,Minas Gerais,0.14
2022,206.93,Senhora do Porto,3166105,Minas Gerais,3.17
2022,115.32,Sericita,3166303,Minas Gerais,0.15
2022,97.77,Seritinga,3166402,Minas Gerais,0.06
2022,116.05,Serra Azul de Minas,3166501,Minas Gerais,0.47
2022,376.42,Serro,3167103,Minas Gerais,1.54
2022,210.41,Setubinha,3165552,Minas Gerais,4.88
2022,121.32,Silveirânia,3167301,Minas Gerais,0.04
2022,363.73,Simonésia,3167608,Minas Gerais,1.45
2022,184.64,Sobrália,3167707,Minas Gerais,0.12
2022,70.77,São Bento Abade,3160801,Minas Gerais,0.03
2022,91.43,São Brás do Suaçuí,3160900,Minas Gerais,0.54
2022,52.11,São Domingos das Dores,3160959,Minas Gerais,0.01
2022,542.63,São Domingos do Prata,3161007,Minas Gerais,0.25
2022,232.6,São Francisco de Paula,3161205,Minas Gerais,0.76
2022,131.05,São Félix de Minas,3161056,Minas Gerais,0.1
2022,162.44,São Geraldo,3161502,Minas Gerais,0.01
2022,120.19,São Geraldo da Piedade,3161601,Minas Gerais,0.18
2022,222.02,São Geraldo do Baixio,3161650,Minas Gerais,0.39
2022,152.74,São Gonçalo do Rio Abaixo,3161908,Minas Gerais,0.41
2022,447.41,São Gonçalo do Sapucaí,3162005,Minas Gerais,0.02
2022,48.64,São Joaquim de Bicas,3162922,Minas Gerais,0.03
2022,122.04,São José da Safira,3163003,Minas Gerais,0.02
2022,47.95,São José da Varginha,3163102,Minas Gerais,0.05
2022,271.22,São José do Divino,3163300,Minas Gerais,0.04
2022,152.5,São José do Goiabal,3163409,Minas Gerais,0.02
2022,235.83,São José do Jacuri,3163508,Minas Gerais,1.07
2022,38.36,São José do Mantimento,3163607,Minas Gerais,0.01
2022,359.86,São João Evangelista,3162807,Minas Gerais,1.04
2022,329.57,São João Nepomuceno,3162906,Minas Gerais,0.13
2022,1264.56,São João del Rei,3162500,Minas Gerais,0.09
2022,107.89,São João do Manteninha,3162575,Minas Gerais,0.08
2022,106.66,São João do Oriente,3162609,Minas Gerais,0.07
2022,677.51,São João do Paraíso,3162708,Minas Gerais,8.69
2022,200.99,São Pedro do Suaçuí,3164100,Minas Gerais,1.84
2022,343.72,São Pedro dos Ferros,3164001,Minas Gerais,0.02
2022,66.61,São Sebastião do Anta,3164472,Minas Gerais,0.03
2022,323.87,São Sebastião do Maranhão,3164506,Minas Gerais,2.43
2022,156.98,São Sebastião do Oeste,3164605,Minas Gerais,0.36
2022,678.95,São Sebastião do Paraíso,3164704,Minas Gerais,0.06
2022,79.29,São Sebastião do Rio Preto,3164803,Minas Gerais,0.18
2022,463.74,São Tiago,3165008,Minas Gerais,0.39
2022,231.91,São Tomás de Aquino,3165107,Minas Gerais,0.03
2022,265.71,São Tomé das Letras,3165206,Minas Gerais,0.12
2022,101.76,Taiobeiras,3168002,Minas Gerais,0.55
2022,153.23,Taparuba,3168051,Minas Gerais,0.02
2022,9.98,Taquaraçu de Minas,3168309,Minas Gerais,0.08
2022,608.52,Tarumirim,3168408,Minas Gerais,1.03
2022,129.03,Teixeiras,3168507,Minas Gerais,0.06
2022,2113.51,Teófilo Otoni,3168606,Minas Gerais,5.74
2022,66.57,Timóteo,3168705,Minas Gerais,0.36
2022,146.95,Tocantins,3169000,Minas Gerais,0.11
2022,717.61,Três Corações,3169307,Minas Gerais,0.04
2022,451.12,Tumiritinga,3169505,Minas Gerais,0.42
2022,653.69,Tupaciguara,3169604,Minas Gerais,0.39
2022,189.67,Turvolândia,3169802,Minas Gerais,0.03
2022,164.4,Ubaporanga,3170057,Minas Gerais,0.34
2022,342.52,Ubá,3169901,Minas Gerais,0.01
2022,349.79,Umburatiba,3170305,Minas Gerais,0.07
2022,117.14,Urucânia,3170503,Minas Gerais,0.01
2022,98.0,Vargem Alegre,3170578,Minas Gerais,0.39
2022,93.0,Vermelho Novo,3171154,Minas Gerais,0.04
2022,96.73,Virgem da Lapa,3171600,Minas Gerais,1.97
2022,299.76,Virginópolis,3171808,Minas Gerais,0.74
2022,203.36,Virgolândia,3171907,Minas Gerais,0.4
2022,222.6,Visconde do Rio Branco,3172004,Minas Gerais,0.06
2022,231.27,Viçosa,3171303,Minas Gerais,0.05
2022,748.54,Água Boa,3100609,Minas Gerais,8.98
2022,492.87,Águas Formosas,3100906,Minas Gerais,2.02
2022,637.08,Águas Vermelhas,3101003,Minas Gerais,2.5
2022,475.64,Adrianópolis,4100202,Paraná,1.83
2022,125.86,Agudos do Sul,4100301,Paraná,0.37
2022,116.71,Almirante Tamandaré,4100400,Paraná,0.48
2022,316.38,Altamira do Paraná,4100459,Paraná,0.16
2022,601.67,Alto Paraíso,4128625,Paraná,0.15
2022,425.74,Altônia,4100509,Paraná,0.01
2022,405.36,Alvorada do Sul,4100806,Paraná,0.1
2022,232.66,Ampére,4101002,Paraná,0.06
2022,87.03,Anahy,4101051,Paraná,0.02
2022,79.95,Antonina,4101200,Paraná,0.35
2022,291.96,Antônio Olinto,4101309,Paraná,0.74
2022,488.87,Apucarana,4101408,Paraná,0.1
2022,747.93,Arapoti,4101606,Paraná,0.05
2022,334.52,Araucária,4101804,Paraná,0.2
2022,402.37,Assaí,4101903,Paraná,0.1
2022,206.94,Balsa Nova,4102307,Paraná,1.67
2022,469.42,Barbosa Ferraz,4102505,Paraná,0.04
2022,137.77,Barracão,4102604,Paraná,0.01
2022,219.46,Bela Vista do Paraíso,4102802,Paraná,0.03
2022,638.97,Bituruna,4102901,Paraná,2.72
2022,123.9,Boa Esperança do Iguaçu,4103024,Paraná,0.03
2022,210.82,Boa Vista da Aparecida,4103057,Paraná,0.1
2022,315.2,Bocaiúva do Sul,4103107,Paraná,2.76
2022,133.86,Bom Jesus do Sul,4103156,Paraná,0.02
2022,295.71,Borrazópolis,4103305,Paraná,0.05
2022,294.04,Braganey,4103354,Paraná,0.02
2022,267.29,Brasilândia do Sul,4103370,Paraná,0.03
2022,173.06,Campina Grande do Sul,4104006,Paraná,0.42
2022,694.51,Campina da Lagoa,4103909,Paraná,0.05
2022,334.88,Campina do Simão,4103958,Paraná,0.38
2022,328.0,Campo Bonito,4104055,Paraná,0.08
2022,574.06,Campo Largo,4104204,Paraná,0.49
2022,134.17,Campo Magro,4104253,Paraná,0.13
2022,647.26,Campo Mourão,4104303,Paraná,0.04
2022,208.82,Campo do Tenente,4104105,Paraná,0.64
2022,1185.92,Candói,4104428,Paraná,1.28
2022,466.98,Cantagalo,4104451,Paraná,0.9
2022,318.96,Capanema,4104501,Paraná,0.34
2022,1706.66,Cascavel,4104808,Paraná,0.06
2022,1711.81,Castro,4104907,Paraná,1.08
2022,845.97,Cerro Azul,4105201,Paraná,0.4
2022,750.65,Chopinzinho,4105409,Paraná,0.42
2022,525.73,Clevelândia,4105706,Paraná,0.34
2022,129.98,Colombo,4105805,Paraná,0.21
2022,207.82,Contenda,4106209,Paraná,0.38
2022,467.25,Corbélia,4106308,Paraná,0.12
2022,554.25,Cornélio Procópio,4106407,Paraná,0.01
2022,867.8,Coronel Domingos Soares,4106456,Paraná,4.55
2022,572.04,Coronel Vivida,4106506,Paraná,0.11
2022,140.99,Corumbataí do Sul,4106555,Paraná,0.01
2022,726.61,Cruz Machado,4106803,Paraná,7.09
2022,126.62,Cruzeiro do Iguaçu,4106571,Paraná,0.09
2022,274.22,Cruzmaltina,4106852,Paraná,0.01
2022,372.44,Curitiba,4106902,Paraná,0.09
2022,464.78,Curiúva,4107009,Paraná,0.15
2022,1052.41,Cândido de Abreu,4104402,Paraná,0.31
2022,275.18,Céu Azul,4105300,Paraná,0.03
2022,280.93,Diamante do Sul,4107124,Paraná,0.44
2022,324.33,Dois Vizinhos,4107207,Paraná,0.32
2022,370.24,Douradina,4107256,Paraná,0.08
2022,459.51,Doutor Ulysses,4128633,Paraná,0.3
2022,427.26,Engenheiro Beltrão,4107504,Paraná,0.01
2022,142.67,Enéas Marques,4107405,Paraná,0.34
2022,205.08,Espigão Alto do Iguaçu,4107546,Paraná,0.25
2022,577.29,Faxinal,4107603,Paraná,0.11
2022,86.93,Fazenda Rio Grande,4107652,Paraná,0.04
2022,259.16,Fernandes Pinheiro,4107736,Paraná,0.47
2022,109.71,Figueira,4107751,Paraná,0.05
2022,190.34,Flor da Serra do Sul,4107850,Paraná,0.01
2022,422.54,Foz do Iguaçu,4108304,Paraná,0.23
2022,185.51,Foz do Jordão,4108452,Paraná,0.03
2022,568.68,Francisco Beltrão,4108403,Paraná,0.3
2022,479.47,General Carneiro,4108502,Paraná,2.45
2022,118.08,Godoy Moreira,4108551,Paraná,0.05
2022,509.7,Goioerê,4108601,Paraná,0.02
2022,563.45,Goioxim,4108650,Paraná,0.32
2022,266.59,Grandes Rios,4108700,Paraná,0.01
2022,175.28,Guamiranga,4108957,Paraná,0.29
2022,174.12,Guapirama,4109005,Paraná,0.03
2022,914.6,Guaraniaçu,4109302,Paraná,0.48
2022,2066.34,Guarapuava,4109401,Paraná,3.51
2022,60.17,Guaraqueçaba,4109500,Paraná,0.14
2022,126.19,Guaratuba,4109609,Paraná,1.21
2022,393.63,Honório Serpa,4109658,Paraná,0.09
2022,750.28,Ibaiti,4109708,Paraná,0.03
2022,106.43,Ibema,4109757,Paraná,0.03
2022,151.83,Iguaraçu,4110003,Paraná,0.05
2022,90.78,Iguatu,4110052,Paraná,0.04
2022,261.92,Imbaú,4110078,Paraná,0.05
2022,494.94,Imbituva,4110102,Paraná,1.57
2022,407.8,Inácio Martins,4110201,Paraná,3.45
2022,660.57,Ipiranga,4110508,Paraná,0.71
2022,566.64,Iporã,4110607,Paraná,0.03
2022,706.07,Irati,4110706,Paraná,1.99
2022,228.94,Itambé,4111100,Paraná,0.02
2022,210.23,Itapejara d'Oeste,4111209,Paraná,0.06
2022,192.59,Itaperuçu,4111258,Paraná,0.18
2022,356.6,Ivaté,4111555,Paraná,0.04
2022,449.18,Ivaí,4111407,Paraná,1.16
2022,514.31,Jacarezinho,4111803,Paraná,0.07
2022,398.86,Jaguariaíva,4112009,Paraná,0.55
2022,308.77,Janiópolis,4112207,Paraná,0.04
2022,162.81,Japira,4112306,Paraná,0.01
2022,357.83,Jardim Alegre,4112504,Paraná,0.03
2022,139.36,Jataizinho,4112702,Paraná,0.48
2022,275.05,Jundiaí do Sul,4112900,Paraná,0.04
2022,1287.33,Lapa,4113205,Paraná,3.64
2022,448.73,Laranjal,4113254,Paraná,0.11
2022,548.81,Laranjeiras do Sul,4113304,Paraná,0.46
2022,286.72,Lindoeste,4113452,Paraná,0.05
2022,667.71,Loanda,4113502,Paraná,0.02
2022,1417.3,Londrina,4113700,Paraná,0.41
2022,723.71,Luiziana,4113734,Paraná,0.04
2022,161.92,Lunardelli,4113759,Paraná,0.01
2022,374.76,Mallet,4113908,Paraná,0.66
2022,223.45,Mandirituba,4114302,Paraná,0.75
2022,145.55,Manfrinópolis,4114351,Paraná,0.2
2022,814.91,Mangueirinha,4114401,Paraná,0.35
2022,633.12,Marechal Cândido Rondon,4114609,Paraná,0.14
2022,441.65,Marialva,4114807,Paraná,0.02
2022,344.84,Marilândia do Sul,4114906,Paraná,0.02
2022,252.66,Maripá,4115358,Paraná,0.04
2022,204.7,Mariópolis,4115309,Paraná,0.01
2022,316.11,Marmeleiro,4115408,Paraná,0.06
2022,421.11,Marquinho,4115457,Paraná,0.58
2022,183.48,Marumbi,4115507,Paraná,0.05
2022,286.29,Matelândia,4115606,Paraná,0.02
2022,25.27,Matinhos,4115705,Paraná,0.22
2022,294.62,Mato Rico,4115739,Paraná,0.58
2022,292.95,Medianeira,4115804,Paraná,0.02
2022,277.79,Missal,4116059,Paraná,0.02
2022,98.64,Morretes,4116208,Paraná,0.26
2022,420.13,Nova Aurora,4116703,Paraná,0.09
2022,447.48,Nova Cantu,4116802,Paraná,0.05
2022,157.24,Nova Esperança do Sudoeste,4116950,Paraná,0.44
2022,251.17,Nova Fátima,4117008,Paraná,0.49
2022,835.6,Nova Laranjeiras,4117057,Paraná,1.67
2022,284.66,Nova Prata do Iguaçu,4117255,Paraná,0.09
2022,464.92,Nova Tebas,4117271,Paraná,0.04
2022,1871.97,Ortigueira,4117305,Paraná,1.32
2022,166.64,Paiçandu,4117503,Paraná,0.02
2022,842.97,Palmas,4117602,Paraná,6.55
2022,1079.88,Palmeira,4117701,Paraná,1.39
2022,654.31,Palmital,4117800,Paraná,0.05
2022,80.07,Paranaguá,4118204,Paraná,0.41
2022,1089.05,Paranavaí,4118402,Paraná,0.05
2022,114.12,Pato Bragado,4118451,Paraná,0.04
2022,443.49,Pato Branco,4118501,Paraná,0.18
2022,255.1,Paula Freitas,4118600,Paraná,0.13
2022,235.97,Paulo Frontin,4118709,Paraná,0.59
2022,398.92,Peabiru,4118808,Paraná,0.03
2022,56.25,Pinhais,4119152,Paraná,0.05
2022,1207.01,Pinhão,4119301,Paraná,6.51
2022,127.5,Piraquara,4119509,Paraná,0.04
2022,568.04,Piraí do Sul,4119400,Paraná,0.89
2022,1298.57,Pitanga,4119608,Paraná,0.43
2022,118.12,Pitangueiras,4119657,Paraná,0.03
2022,159.64,Piên,4119103,Paraná,0.85
2022,265.28,Planalto,4119806,Paraná,0.38
2022,1491.31,Ponta Grossa,4119905,Paraná,0.32
2022,34.93,Pontal do Paraná,4119954,Paraná,0.25
2022,131.87,Porto Amazonas,4120101,Paraná,0.48
2022,314.54,Porto Barreiro,4120150,Paraná,0.11
2022,106.5,Porto Vitória,4120309,Paraná,0.47
2022,181.56,Pranchita,4120358,Paraná,0.13
2022,1525.09,Prudentópolis,4120606,Paraná,5.25
2022,164.22,Pérola d'Oeste,4119004,Paraná,0.2
2022,66.9,Quatro Barras,4120804,Paraná,0.08
2022,584.44,Quedas do Iguaçu,4120903,Paraná,2.44
2022,726.42,Querência do Norte,4121000,Paraná,0.16
2022,291.27,Quitandinha,4121208,Paraná,0.87
2022,328.8,Rebouças,4121505,Paraná,0.3
2022,355.46,Renascença,4121604,Paraná,0.08
2022,1202.71,Reserva,4121703,Paraná,0.75
2022,474.9,Reserva do Iguaçu,4121752,Paraná,3.4
2022,564.76,Ribeirão Claro,4121802,Paraná,0.02
2022,328.21,Ribeirão do Pinhal,4121901,Paraná,0.08
2022,355.77,Rio Azul,4122008,Paraná,0.9
2022,161.71,Rio Bom,4122107,Paraná,0.22
2022,580.59,Rio Bonito do Iguaçu,4122156,Paraná,1.95
2022,315.76,Rio Branco do Ivaí,4122172,Paraná,0.18
2022,512.42,Rio Branco do Sul,4122206,Paraná,0.75
2022,399.63,Rio Negro,4122305,Paraná,1.1
2022,574.04,Roncador,4122503,Paraná,0.09
2022,322.45,Rosário do Ivaí,4122651,Paraná,0.01
2022,131.8,Salgado Filho,4122800,Paraná,0.08
2022,241.42,Salto do Lontra,4123006,Paraná,0.36
2022,406.91,Santa Cruz de Monte Castelo,4123303,Paraná,0.05
2022,608.24,Santa Helena,4123501,Paraná,0.02
2022,263.58,Santa Izabel do Oeste,4123808,Paraná,0.12
2022,97.02,Santa Lúcia,4123824,Paraná,0.05
2022,677.78,Santa Maria do Oeste,4123857,Paraná,0.47
2022,228.54,Santa Terezinha de Itaipu,4124053,Paraná,0.03
2022,654.52,Santo Antônio da Platina,4124103,Paraná,0.02
2022,263.74,Santo Antônio do Sudoeste,4124400,Paraná,0.06
2022,509.47,Sapopema,4126207,Paraná,0.22
2022,686.81,Sengés,4126306,Paraná,0.04
2022,162.76,Serranópolis do Iguaçu,4126355,Paraná,0.07
2022,436.44,Sertaneja,4126405,Paraná,0.02
2022,144.04,Sulina,4126652,Paraná,0.02
2022,297.23,São Jorge d'Oeste,4125209,Paraná,0.13
2022,180.31,São Jorge do Patrocínio,4125357,Paraná,0.02
2022,457.15,São José dos Pinhais,4125506,Paraná,0.38
2022,315.61,São João,4124806,Paraná,0.14
2022,405.56,São João do Triunfo,4125100,Paraná,0.77
2022,797.22,São Mateus do Sul,4125605,Paraná,1.13
2022,661.45,São Miguel do Iguaçu,4125704,Paraná,0.09
2022,583.68,Teixeira Soares,4127007,Paraná,0.51
2022,946.43,Telêmaco Borba,4127106,Paraná,0.08
2022,724.92,Terra Roxa,4127403,Paraná,0.1
2022,1850.87,Tibagi,4127502,Paraná,0.57
2022,357.96,Tijucas do Sul,4127601,Paraná,0.39
2022,1023.7,Toledo,4127700,Paraná,0.1
2022,507.33,Tomazina,4127809,Paraná,0.15
2022,380.08,Três Barras do Paraná,4127858,Paraná,0.16
2022,259.74,Tunas do Paraná,4127882,Paraná,0.36
2022,540.61,Turvo,4127965,Paraná,0.94
2022,579.0,Ubiratã,4128005,Paraná,0.04
2022,1122.13,Umuarama,4128104,Paraná,0.02
2022,293.42,União da Vitória,4128203,Paraná,0.87
2022,223.79,Uraí,4128401,Paraná,0.07
2022,450.09,Ventania,4128534,Paraná,0.11
2022,258.8,Verê,4128609,Paraná,0.17
2022,206.45,Virmond,4128658,Paraná,0.21
2022,258.18,Vitorino,4128708,Paraná,0.07
2022,150.15,Alhandra,2500601,Paraíba,0.05
2022,15.97,Bayeux,2501807,Paraíba,0.04
2022,43.06,Baía da Traição,2501401,Paraíba,0.23
2022,119.57,Caaporã,2503001,Paraíba,0.05
2022,58.94,Capim,2504033,Paraíba,0.08
2022,123.64,Conde,2504603,Paraíba,0.05
2022,14.48,Cuité de Mamanguape,2505238,Paraíba,0.29
2022,30.19,Itabaiana,2506905,Paraíba,0.15
2022,54.85,Jacaraú,2507309,Paraíba,0.07
2022,155.45,João Pessoa,2507507,Paraíba,0.16
2022,78.02,Juripiranga,2507903,Paraíba,0.01
2022,67.31,Lucena,2508604,Paraíba,0.07
2022,77.02,Marcação,2509057,Paraíba,0.02
2022,59.49,Natuba,2509909,Paraíba,0.08
2022,340.41,Pedras de Fogo,2511202,Paraíba,1.11
2022,97.06,Pitimbu,2511905,Paraíba,0.09
2022,292.07,Rio Tinto,2512903,Paraíba,0.05
2022,34.67,Salgado de São Félix,2513109,Paraíba,0.22
2022,527.88,Santa Rita,2513703,Paraíba,0.19
2022,48.82,São Miguel de Taipu,2515005,Paraíba,0.02
2022,42.33,Abreu e Lima,2600054,Pernambuco,0.08
2022,254.62,Aliança,2600708,Pernambuco,0.93
2022,196.67,Amaraji,2600906,Pernambuco,0.92
2022,66.97,Araçoiaba,2601052,Pernambuco,0.17
2022,102.07,Barra de Guabiraba,2601300,Pernambuco,0.17
2022,188.79,Barreiros,2601409,Pernambuco,0.13
2022,367.73,Bom Conselho,2602100,Pernambuco,0.16
2022,72.17,Bom Jardim,2602209,Pernambuco,0.39
2022,90.26,Brejão,2602407,Pernambuco,0.19
2022,73.33,Buenos Aires,2602704,Pernambuco,0.54
2022,356.7,Cabo de Santo Agostinho,2602902,Pernambuco,0.22
2022,26.95,Camutanga,2603603,Pernambuco,0.02
2022,306.0,Canhotinho,2603702,Pernambuco,0.27
2022,126.19,Carpina,2604007,Pernambuco,0.17
2022,166.34,Catende,2604205,Pernambuco,0.17
2022,72.88,Chã Grande,2604502,Pernambuco,0.1
2022,42.41,Chã de Alegria,2604403,Pernambuco,0.52
2022,80.74,Condado,2604601,Pernambuco,1.02
2022,298.65,Correntes,2604700,Pernambuco,0.03
2022,89.72,Cortês,2604809,Pernambuco,0.2
2022,6.33,Cupira,2605004,Pernambuco,0.04
2022,319.11,Escada,2605202,Pernambuco,0.07
2022,94.12,Feira Nova,2605400,Pernambuco,0.63
2022,84.09,Ferreiros,2605509,Pernambuco,0.1
2022,227.85,Gameleira,2605905,Pernambuco,0.17
2022,80.61,Garanhuns,2606002,Pernambuco,0.11
2022,195.07,Glória do Goitá,2606101,Pernambuco,0.26
2022,311.09,Goiana,2606200,Pernambuco,0.12
2022,175.38,Gravatá,2606408,Pernambuco,0.42
2022,186.09,Igarassu,2606804,Pernambuco,0.24
2022,426.86,Ipojuca,2607208,Pernambuco,0.05
2022,273.91,Itambé,2607653,Pernambuco,0.06
2022,131.88,Itaquitinga,2607802,Pernambuco,0.27
2022,198.04,Jaboatão dos Guararapes,2607901,Pernambuco,0.21
2022,109.79,Joaquim Nabuco,2608206,Pernambuco,0.15
2022,48.75,Lagoa de Itaenga,2608503,Pernambuco,0.1
2022,59.4,Lagoa do Carro,2608453,Pernambuco,0.19
2022,127.51,Lagoa dos Gatos,2608701,Pernambuco,0.19
2022,197.14,Limoeiro,2608909,Pernambuco,1.3
2022,81.04,Macaparana,2609006,Pernambuco,0.26
2022,42.27,Machados,2609105,Pernambuco,0.1
2022,163.49,Maraial,2609204,Pernambuco,0.04
2022,168.07,Moreno,2609402,Pernambuco,0.35
2022,117.57,Nazaré da Mata,2609501,Pernambuco,0.25
2022,36.27,Olinda,2609600,Pernambuco,0.07
2022,102.61,Orobó,2609709,Pernambuco,0.47
2022,298.84,Palmares,2610004,Pernambuco,0.2
2022,158.1,Palmeirina,2610103,Pernambuco,0.01
2022,101.12,Panelas,2610202,Pernambuco,0.01
2022,45.08,Passira,2610509,Pernambuco,0.03
2022,207.24,Paudalho,2610608,Pernambuco,0.85
2022,57.06,Paulista,2610707,Pernambuco,0.19
2022,206.69,Pombos,2611309,Pernambuco,0.45
2022,211.0,Quipapá,2611507,Pernambuco,0.03
2022,260.34,Ribeirão,2611804,Pernambuco,0.34
2022,193.47,Rio Formoso,2611903,Pernambuco,0.12
2022,7.99,Saloá,2612307,Pernambuco,0.01
2022,296.97,Sirinhaém,2614204,Pernambuco,0.49
2022,127.61,São Benedito do Sul,2612901,Pernambuco,0.26
2022,49.6,São José da Coroa Grande,2613404,Pernambuco,0.1
2022,220.13,São Lourenço da Mata,2613701,Pernambuco,0.03
2022,73.17,São Vicente Férrer,2613800,Pernambuco,0.07
2022,157.11,Tamandaré,2614857,Pernambuco,0.23
2022,121.97,Terezinha,2615102,Pernambuco,0.18
2022,217.85,Timbaúba,2615300,Pernambuco,0.88
2022,125.38,Tracunhaém,2615508,Pernambuco,0.26
2022,180.76,Vicência,2616308,Pernambuco,0.93
2022,295.26,Vitória de Santo Antão,2616407,Pernambuco,0.06
2022,94.19,Xexéu,2616506,Pernambuco,0.08
2022,450.06,Água Preta,2600401,Pernambuco,0.11
2022,195.14,Canguaretama,2402204,Rio Grande do Norte,0.04
2022,44.05,Espírito Santo,2403509,Rio Grande do Norte,0.12
2022,26.7,Extremoz,2403608,Rio Grande do Norte,0.1
2022,16.39,Parnamirim,2403251,Rio Grande do Norte,0.01
2022,64.42,Pedro Velho,2409803,Rio Grande do Norte,0.08
2022,369.74,Agudo,4300109,Rio Grande do Sul,0.28
2022,244.04,Alecrim,4300307,Rio Grande do Sul,0.02
2022,102.99,Alegria,4300455,Rio Grande do Sul,0.01
2022,262.87,Alpestre,4300505,Rio Grande do Sul,0.27
2022,39.85,Alto Feliz,4300570,Rio Grande do Sul,0.18
2022,73.43,Ametista do Sul,4300646,Rio Grande do Sul,0.15
2022,181.0,André da Rocha,4300661,Rio Grande do Sul,2.34
2022,172.06,Anta Gorda,4300703,Rio Grande do Sul,0.03
2022,189.04,Antônio Prado,4300802,Rio Grande do Sul,0.29
2022,29.79,Araricá,4300877,Rio Grande do Sul,0.04
2022,270.97,Aratiba,4300901,Rio Grande do Sul,0.33
2022,122.55,Arroio do Meio,4301008,Rio Grande do Sul,0.04
2022,50.19,Arroio do Sal,4301057,Rio Grande do Sul,0.86
2022,260.49,Arroio do Tigre,4301206,Rio Grande do Sul,0.06
2022,183.46,Arvorezinha,4301404,Rio Grande do Sul,0.31
2022,118.61,Augusto Pestana,4301503,Rio Grande do Sul,0.04
2022,47.86,Barra do Guarita,4301859,Rio Grande do Sul,0.14
2022,121.86,Barra do Rio Azul,4301925,Rio Grande do Sul,0.09
2022,367.76,Barracão,4301800,Rio Grande do Sul,2.81
2022,439.53,Barros Cassal,4302006,Rio Grande do Sul,5.06
2022,81.89,Barão,4301651,Rio Grande do Sul,0.09
2022,219.47,Barão de Cotegipe,4301701,Rio Grande do Sul,0.08
2022,153.61,Bento Gonçalves,4302105,Rio Grande do Sul,0.18
2022,87.1,Boa Vista do Buricá,4302204,Rio Grande do Sul,0.15
2022,276.72,Boa Vista do Cadeado,4302220,Rio Grande do Sul,0.06
2022,55.18,Boa Vista do Sul,4302253,Rio Grande do Sul,0.11
2022,846.04,Bom Jesus,4302303,Rio Grande do Sul,11.19
2022,56.43,Bom Princípio,4302352,Rio Grande do Sul,0.07
2022,189.48,Boqueirão do Leão,4302451,Rio Grande do Sul,0.06
2022,88.6,Brochier,4302659,Rio Grande do Sul,0.11
2022,154.18,Cacique Doble,4303202,Rio Grande do Sul,0.09
2022,82.26,Caibaté,4303301,Rio Grande do Sul,0.33
2022,142.42,Caiçara,4303400,Rio Grande do Sul,0.67
2022,121.84,Camargo,4303558,Rio Grande do Sul,0.03
2022,365.33,Cambará do Sul,4303608,Rio Grande do Sul,1.82
2022,273.69,Campestre da Serra,4303673,Rio Grande do Sul,1.17
2022,405.15,Candelária,4304200,Rio Grande do Sul,0.34
2022,118.01,Canela,4304408,Rio Grande do Sul,0.07
2022,391.56,Capão Bonito do Sul,4304622,Rio Grande do Sul,0.53
2022,45.86,Capão da Canoa,4304630,Rio Grande do Sul,0.39
2022,163.7,Caraá,4304713,Rio Grande do Sul,0.55
2022,139.53,Carlos Barbosa,4304804,Rio Grande do Sul,0.15
2022,64.85,Carlos Gomes,4304853,Rio Grande do Sul,0.03
2022,235.52,Casca,4304903,Rio Grande do Sul,0.13
2022,184.16,Caseiros,4304952,Rio Grande do Sul,0.07
2022,696.68,Caxias do Sul,4305108,Rio Grande do Sul,2.15
2022,109.36,Centenário,4305116,Rio Grande do Sul,0.2
2022,91.67,Cerro Branco,4305132,Rio Grande do Sul,0.16
2022,157.34,Cerro Largo,4305207,Rio Grande do Sul,0.04
2022,188.3,Chapada,4305306,Rio Grande do Sul,0.03
2022,145.84,Charrua,4305371,Rio Grande do Sul,0.11
2022,224.27,Ciríaco,4305504,Rio Grande do Sul,0.17
2022,232.49,Colorado,4305603,Rio Grande do Sul,0.04
2022,184.83,Constantina,4305801,Rio Grande do Sul,0.1
2022,55.83,Coronel Pilar,4305934,Rio Grande do Sul,0.08
2022,86.71,Cotiporã,4305959,Rio Grande do Sul,0.12
2022,295.69,Crissiumal,4306007,Rio Grande do Sul,0.2
2022,83.32,Cristal do Sul,4306072,Rio Grande do Sul,0.06
2022,139.85,Cruzeiro do Sul,4306205,Rio Grande do Sul,0.03
2022,145.36,David Canabarro,4306304,Rio Grande do Sul,0.13
2022,157.51,Derrubadas,4306320,Rio Grande do Sul,0.03
2022,128.91,Dezesseis de Novembro,4306353,Rio Grande do Sul,0.01
2022,39.78,Dois Irmãos,4306403,Rio Grande do Sul,0.08
2022,30.52,Dois Irmãos das Missões,4306429,Rio Grande do Sul,0.02
2022,85.58,Dois Lajeados,4306452,Rio Grande do Sul,0.39
2022,80.05,Dona Francisca,4306700,Rio Grande do Sul,0.13
2022,234.65,Doutor Maurício Cardoso,4306734,Rio Grande do Sul,0.02
2022,76.86,Doutor Ricardo,4306759,Rio Grande do Sul,0.01
2022,90.07,Encantado,4306809,Rio Grande do Sul,0.02
2022,34.08,Entre Rios do Sul,4306957,Rio Grande do Sul,0.03
2022,212.39,Entre-Ijuís,4306932,Rio Grande do Sul,0.02
2022,350.42,Erechim,4307005,Rio Grande do Sul,0.16
2022,181.92,Erval Seco,4307302,Rio Grande do Sul,0.14
2022,528.0,Esmeralda,4307401,Rio Grande do Sul,7.36
2022,121.85,Esperança do Sul,4307450,Rio Grande do Sul,0.08
2022,672.03,Espumoso,4307500,Rio Grande do Sul,0.55
2022,166.39,Estrela,4307807,Rio Grande do Sul,0.05
2022,105.05,Estrela Velha,4307815,Rio Grande do Sul,0.01
2022,2.84,Eugênio de Castro,4307831,Rio Grande do Sul,0.02
2022,89.64,Fagundes Varela,4307864,Rio Grande do Sul,0.25
2022,234.14,Farroupilha,4307906,Rio Grande do Sul,0.4
2022,123.05,Faxinal do Soturno,4308003,Rio Grande do Sul,0.24
2022,75.93,Fazenda Vilanova,4308078,Rio Grande do Sul,0.03
2022,51.53,Feliz,4308102,Rio Grande do Sul,0.12
2022,148.57,Flores da Cunha,4308201,Rio Grande do Sul,0.38
2022,122.82,Floriano Peixoto,4308250,Rio Grande do Sul,0.05
2022,385.99,Fontoura Xavier,4308300,Rio Grande do Sul,0.61
2022,211.32,Frederico Westphalen,4308508,Rio Grande do Sul,0.46
2022,101.5,Garibaldi,4308607,Rio Grande do Sul,0.22
2022,159.96,Gentil,4308854,Rio Grande do Sul,0.14
2022,254.19,Getúlio Vargas,4308904,Rio Grande do Sul,0.02
2022,101.64,Gramado,4309100,Rio Grande do Sul,0.19
2022,147.01,Gramado Xavier,4309159,Rio Grande do Sul,0.02
2022,88.08,Gramado dos Loureiros,4309126,Rio Grande do Sul,0.05
2022,110.95,Guabiju,4309258,Rio Grande do Sul,0.16
2022,188.99,Guaporé,4309407,Rio Grande do Sul,0.18
2022,261.19,Guarani das Missões,4309506,Rio Grande do Sul,0.07
2022,39.72,Harmonia,4309555,Rio Grande do Sul,0.07
2022,239.31,Ibiraiaras,4309902,Rio Grande do Sul,0.17
2022,271.82,Ibirapuitã,4309951,Rio Grande do Sul,0.07
2022,70.85,Igrejinha,4310108,Rio Grande do Sul,0.16
2022,546.96,Ijuí,4310207,Rio Grande do Sul,0.09
2022,37.71,Imigrante,4310363,Rio Grande do Sul,0.08
2022,337.87,Ipê,4310439,Rio Grande do Sul,1.77
2022,147.22,Iraí,4310504,Rio Grande do Sul,0.25
2022,60.34,Itaara,4310538,Rio Grande do Sul,0.06
2022,120.11,Itapuca,4310579,Rio Grande do Sul,0.86
2022,47.06,Itati,4310652,Rio Grande do Sul,0.53
2022,63.61,Ivorá,4310751,Rio Grande do Sul,0.41
2022,42.52,Ivoti,4310801,Rio Grande do Sul,0.02
2022,111.34,Jaboticaba,4310850,Rio Grande do Sul,0.04
2022,223.52,Jacuizinho,4310876,Rio Grande do Sul,0.12
2022,197.46,Jaguari,4311106,Rio Grande do Sul,2.93
2022,209.98,Jaquirana,4311122,Rio Grande do Sul,1.47
2022,85.05,Jari,4311130,Rio Grande do Sul,1.94
2022,44.81,Júlio de Castilhos,4311205,Rio Grande do Sul,0.54
2022,880.96,Lagoa Vermelha,4311304,Rio Grande do Sul,1.03
2022,132.31,Lagoa dos Três Cantos,4311270,Rio Grande do Sul,0.02
2022,269.69,Lagoão,4311254,Rio Grande do Sul,0.08
2022,83.09,Lajeado,4311403,Rio Grande do Sul,0.03
2022,171.94,Liberato Salzano,4311601,Rio Grande do Sul,0.4
2022,21.99,Lindolfo Collor,4311627,Rio Grande do Sul,0.1
2022,31.66,Linha Nova,4311643,Rio Grande do Sul,0.15
2022,279.61,Machadinho,4311700,Rio Grande do Sul,0.05
2022,79.83,Mampituba,4311734,Rio Grande do Sul,0.04
2022,100.25,Maquiné,4311775,Rio Grande do Sul,0.32
2022,63.88,Maratá,4311791,Rio Grande do Sul,0.21
2022,576.85,Marau,4311809,Rio Grande do Sul,0.01
2022,169.94,Marcelino Ramos,4311908,Rio Grande do Sul,0.01
2022,85.05,Mariano Moro,4312005,Rio Grande do Sul,0.07
2022,90.65,Marques de Souza,4312054,Rio Grande do Sul,0.02
2022,100.32,Mata,4312104,Rio Grande do Sul,0.46
2022,154.68,Maximiliano de Almeida,4312203,Rio Grande do Sul,0.06
2022,66.09,Montauri,4312351,Rio Grande do Sul,0.02
2022,195.12,Monte Alegre dos Campos,4312377,Rio Grande do Sul,0.77
2022,39.14,Monte Belo do Sul,4312385,Rio Grande do Sul,0.03
2022,160.78,Montenegro,4312401,Rio Grande do Sul,0.02
2022,88.11,Morrinhos do Sul,4312443,Rio Grande do Sul,0.02
2022,36.13,Morro Reuter,4312476,Rio Grande do Sul,0.25
2022,773.88,Muitos Capões,4312617,Rio Grande do Sul,2.26
2022,91.42,Muliterno,4312625,Rio Grande do Sul,0.05
2022,49.39,Muçum,4312609,Rio Grande do Sul,0.13
2022,273.63,Nonoai,4312708,Rio Grande do Sul,0.05
2022,115.94,Nova Alvorada,4312757,Rio Grande do Sul,0.02
2022,57.11,Nova Araçá,4312807,Rio Grande do Sul,0.12
2022,155.3,Nova Bassano,4312906,Rio Grande do Sul,0.38
2022,74.79,Nova Boa Vista,4312955,Rio Grande do Sul,0.06
2022,79.34,Nova Candelária,4313011,Rio Grande do Sul,0.04
2022,45.62,Nova Esperança do Sul,4313037,Rio Grande do Sul,0.39
2022,37.81,Nova Hartz,4313060,Rio Grande do Sul,0.05
2022,194.78,Nova Palma,4313102,Rio Grande do Sul,0.44
2022,112.42,Nova Petrópolis,4313201,Rio Grande do Sul,0.38
2022,172.54,Nova Prata,4313300,Rio Grande do Sul,0.29
2022,53.6,Nova Pádua,4313086,Rio Grande do Sul,0.19
2022,77.85,Nova Roma do Sul,4313359,Rio Grande do Sul,0.09
2022,9.33,Nova Santa Rita,4313375,Rio Grande do Sul,0.05
2022,34.09,Novo Cabrais,4313391,Rio Grande do Sul,0.03
2022,65.09,Novo Tiradentes,4313441,Rio Grande do Sul,0.04
2022,73.09,Novo Xingu,4313466,Rio Grande do Sul,0.02
2022,38.04,Osório,4313508,Rio Grande do Sul,0.11
2022,165.92,Palmeira das Missões,4313706,Rio Grande do Sul,0.02
2022,110.31,Palmitinho,4313805,Rio Grande do Sul,0.29
2022,93.06,Paraí,4314001,Rio Grande do Sul,0.08
2022,173.47,Paraíso do Sul,4314027,Rio Grande do Sul,0.34
2022,42.31,Pareci Novo,4314035,Rio Grande do Sul,0.01
2022,91.74,Parobé,4314050,Rio Grande do Sul,0.05
2022,212.11,Passa Sete,4314068,Rio Grande do Sul,0.08
2022,69.33,Passo do Sobrado,4314076,Rio Grande do Sul,0.22
2022,36.4,Picada Café,4314423,Rio Grande do Sul,0.3
2022,56.81,Pinhal,4314456,Rio Grande do Sul,0.04
2022,254.18,Pinhal da Serra,4314464,Rio Grande do Sul,0.72
2022,79.1,Pinheirinho do Vale,4314498,Rio Grande do Sul,0.22
2022,56.58,Pinto Bandeira,4314548,Rio Grande do Sul,0.43
2022,96.68,Pirapó,4314555,Rio Grande do Sul,0.98
2022,175.93,Planalto,4314704,Rio Grande do Sul,0.24
2022,90.17,Ponte Preta,4314787,Rio Grande do Sul,0.04
2022,208.7,Porto Lucena,4315008,Rio Grande do Sul,0.04
2022,86.01,Porto Mauá,4315057,Rio Grande do Sul,0.08
2022,183.92,Porto Xavier,4315107,Rio Grande do Sul,0.36
2022,38.89,Poço das Antas,4314753,Rio Grande do Sul,0.04
2022,33.14,Presidente Lucena,4315149,Rio Grande do Sul,0.1
2022,86.48,Protásio Alves,4315172,Rio Grande do Sul,0.52
2022,149.48,Putinga,4315206,Rio Grande do Sul,0.02
2022,64.97,Quevedos,4315321,Rio Grande do Sul,1.61
2022,81.72,Riozinho,4315750,Rio Grande do Sul,0.2
2022,119.47,Roca Sales,4315800,Rio Grande do Sul,0.32
2022,70.56,Rodeio Bonito,4315909,Rio Grande do Sul,0.05
2022,100.78,Rolador,4315958,Rio Grande do Sul,0.42
2022,166.8,Rolante,4316006,Rio Grande do Sul,0.41
2022,182.86,Rondinha,4316204,Rio Grande do Sul,0.06
2022,192.49,Roque Gonzales,4316303,Rio Grande do Sul,0.02
2022,87.65,Salvador das Missões,4316477,Rio Grande do Sul,0.04
2022,70.34,Salvador do Sul,4316501,Rio Grande do Sul,0.19
2022,421.87,Sananduva,4316600,Rio Grande do Sul,0.04
2022,405.52,Santa Cruz do Sul,4316808,Rio Grande do Sul,0.19
2022,107.36,Santa Maria,4316907,Rio Grande do Sul,0.17
2022,66.87,Santa Maria do Herval,4316956,Rio Grande do Sul,0.38
2022,28.8,Santa Tereza,4317251,Rio Grande do Sul,0.07
2022,146.91,Santiago,4317400,Rio Grande do Sul,5.11
2022,332.91,Santo Antônio da Patrulha,4317608,Rio Grande do Sul,0.33
2022,106.37,Santo Antônio do Palma,4317558,Rio Grande do Sul,0.05
2022,312.22,Santo Cristo,4317905,Rio Grande do Sul,0.04
2022,224.11,Santo Ângelo,4317509,Rio Grande do Sul,0.11
2022,90.08,Sapiranga,4319901,Rio Grande do Sul,0.34
2022,242.24,Seberi,4320206,Rio Grande do Sul,0.18
2022,209.91,Segredo,4320263,Rio Grande do Sul,0.02
2022,135.26,Serafina Corrêa,4320404,Rio Grande do Sul,0.12
2022,108.93,Sete de Setembro,4320578,Rio Grande do Sul,0.02
2022,64.96,Silveira Martins,4320651,Rio Grande do Sul,0.04
2022,280.07,Sinimbu,4320677,Rio Grande do Sul,0.02
2022,857.55,Soledade,4320800,Rio Grande do Sul,3.52
2022,130.48,São Francisco de Assis,4318101,Rio Grande do Sul,2.55
2022,1048.65,São Francisco de Paula,4318200,Rio Grande do Sul,3.92
2022,92.99,São Jorge,4318440,Rio Grande do Sul,0.13
2022,43.3,São José do Hortêncio,4318481,Rio Grande do Sul,0.13
2022,61.56,São José do Inhacorá,4318499,Rio Grande do Sul,0.01
2022,287.07,São José do Ouro,4318606,Rio Grande do Sul,0.64
2022,41.12,São José do Sul,4318614,Rio Grande do Sul,0.02
2022,300.38,São José dos Ausentes,4318622,Rio Grande do Sul,5.83
2022,135.3,São João da Urtiga,4318424,Rio Grande do Sul,0.02
2022,65.91,São João do Polêsine,4318432,Rio Grande do Sul,0.02
2022,121.37,São Luiz Gonzaga,4318903,Rio Grande do Sul,0.52
2022,111.42,São Marcos,4319000,Rio Grande do Sul,0.32
2022,66.54,São Martinho da Serra,4319125,Rio Grande do Sul,2.28
2022,15.32,São Miguel das Missões,4319158,Rio Grande do Sul,0.04
2022,190.12,São Paulo das Missões,4319307,Rio Grande do Sul,0.03
2022,26.17,São Pedro da Serra,4319356,Rio Grande do Sul,0.07
2022,62.78,São Pedro das Missões,4319364,Rio Grande do Sul,0.02
2022,99.15,São Pedro do Butiá,4319372,Rio Grande do Sul,0.05
2022,142.89,São Pedro do Sul,4319406,Rio Grande do Sul,1.39
2022,88.51,São Sebastião do Caí,4319505,Rio Grande do Sul,0.02
2022,119.73,São Valentim,4319703,Rio Grande do Sul,0.14
2022,58.18,São Valentim do Sul,4319711,Rio Grande do Sul,0.09
2022,16.46,São Vendelino,4319752,Rio Grande do Sul,0.06
2022,57.85,Tabaí,4320859,Rio Grande do Sul,0.02
2022,328.79,Taquara,4321204,Rio Grande do Sul,0.37
2022,60.83,Taquaruçu do Sul,4321329,Rio Grande do Sul,0.17
2022,256.49,Tenente Portela,4321402,Rio Grande do Sul,0.23
2022,80.77,Terra de Areia,4321436,Rio Grande do Sul,0.27
2022,137.61,Teutônia,4321451,Rio Grande do Sul,0.07
2022,195.4,Tiradentes do Sul,4321477,Rio Grande do Sul,0.11
2022,144.47,Toropi,4321493,Rio Grande do Sul,0.33
2022,127.01,Torres,4321501,Rio Grande do Sul,0.63
2022,54.12,Travesseiro,4321626,Rio Grande do Sul,0.02
2022,120.73,Trindade do Sul,4321956,Rio Grande do Sul,0.06
2022,110.34,Três Arroios,4321634,Rio Grande do Sul,0.14
2022,102.51,Três Cachoeiras,4321667,Rio Grande do Sul,0.13
2022,77.35,Três Coroas,4321709,Rio Grande do Sul,0.1
2022,51.16,Três Forquilhas,4321832,Rio Grande do Sul,0.18
2022,58.38,Três Palmeiras,4321857,Rio Grande do Sul,0.09
2022,225.48,Três Passos,4321907,Rio Grande do Sul,0.08
2022,180.88,Tunas,4322152,Rio Grande do Sul,0.27
2022,111.21,Tupanci do Sul,4322186,Rio Grande do Sul,0.14
2022,39.58,Tupandi,4322251,Rio Grande do Sul,0.2
2022,93.63,União da Serra,4322350,Rio Grande do Sul,0.17
2022,1263.88,Vacaria,4322509,Rio Grande do Sul,3.92
2022,20.84,Vale Real,4322541,Rio Grande do Sul,0.08
2022,11.29,Vale Verde,4322525,Rio Grande do Sul,0.03
2022,235.98,Vale do Sol,4322533,Rio Grande do Sul,0.16
2022,629.42,Venâncio Aires,4322608,Rio Grande do Sul,0.21
2022,247.71,Vera Cruz,4322707,Rio Grande do Sul,0.38
2022,150.72,Veranópolis,4322806,Rio Grande do Sul,0.21
2022,81.38,Vespasiano Corrêa,4322855,Rio Grande do Sul,0.03
2022,216.38,Viadutos,4322905,Rio Grande do Sul,0.1
2022,157.96,Vicente Dutra,4323101,Rio Grande do Sul,0.16
2022,78.66,Vila Flores,4323309,Rio Grande do Sul,0.12
2022,156.58,Vila Maria,4323408,Rio Grande do Sul,0.07
2022,61.1,Vista Alegre,4323507,Rio Grande do Sul,0.19
2022,71.0,Vista Alegre do Prata,4323606,Rio Grande do Sul,0.2
2022,70.9,Vista Gaúcha,4323705,Rio Grande do Sul,0.13
2022,117.68,Vitória das Missões,4323754,Rio Grande do Sul,0.02
2022,38.59,Westfália,4323770,Rio Grande do Sul,0.11
2022,24.81,Xangri-lá,4323804,Rio Grande do Sul,1.35
2022,109.8,Angra dos Reis,3300100,Rio de Janeiro,0.09
2022,540.28,Araruama,3300209,Rio de Janeiro,0.2
2022,47.03,Armação dos Búzios,3300233,Rio de Janeiro,0.04
2022,435.51,Barra do Piraí,3300308,Rio de Janeiro,0.07
2022,241.59,Bom Jardim,3300506,Rio de Janeiro,0.06
2022,520.03,Bom Jesus do Itabapoana,3300605,Rio de Janeiro,0.08
2022,321.83,Cabo Frio,3300704,Rio de Janeiro,0.11
2022,411.14,Cachoeiras de Macacu,3300803,Rio de Janeiro,0.03
2022,441.19,Cambuci,3300902,Rio de Janeiro,0.25
2022,3228.54,Campos dos Goytacazes,3301009,Rio de Janeiro,0.27
2022,532.86,Cantagalo,3301108,Rio de Janeiro,0.18
2022,455.08,Cardoso Moreira,3301157,Rio de Janeiro,0.06
2022,83.63,Comendador Levy Gasparian,3300951,Rio de Janeiro,0.18
2022,85.26,Cordeiro,3301504,Rio de Janeiro,0.15
2022,231.21,Duas Barras,3301603,Rio de Janeiro,0.07
2022,256.82,Duque de Caxias,3301702,Rio de Janeiro,0.03
2022,190.13,Guapimirim,3301850,Rio de Janeiro,0.05
2022,149.39,Itaguaí,3302007,Rio de Janeiro,0.06
2022,252.58,Italva,3302056,Rio de Janeiro,0.07
2022,366.66,Itaocara,3302106,Rio de Janeiro,0.05
2022,974.91,Itaperuna,3302205,Rio de Janeiro,0.1
2022,200.32,Laje do Muriaé,3302304,Rio de Janeiro,0.02
2022,48.16,Macuco,3302452,Rio de Janeiro,0.19
2022,172.82,Maricá,3302700,Rio de Janeiro,0.05
2022,248.28,Miracema,3303005,Rio de Janeiro,0.04
2022,316.07,Natividade,3303104,Rio de Janeiro,0.05
2022,290.34,Nova Friburgo,3303401,Rio de Janeiro,0.09
2022,114.76,Paracambi,3303609,Rio de Janeiro,0.01
2022,119.88,Paraty,3303807,Rio de Janeiro,0.06
2022,447.27,Paraíba do Sul,3303708,Rio de Janeiro,0.02
2022,261.99,Paty do Alferes,3303856,Rio de Janeiro,0.08
2022,226.64,Petrópolis,3303906,Rio de Janeiro,0.05
2022,307.27,Piraí,3304003,Rio de Janeiro,0.02
2022,244.02,Porciúncula,3304102,Rio de Janeiro,0.07
2022,452.3,Quissamã,3304151,Rio de Janeiro,0.08
2022,706.22,Resende,3304201,Rio de Janeiro,0.07
2022,302.06,Rio Bonito,3304300,Rio de Janeiro,0.03
2022,415.68,Rio Claro,3304409,Rio de Janeiro,0.01
2022,810.72,Rio de Janeiro,3304557,Rio de Janeiro,0.1
2022,436.83,Santa Maria Madalena,3304607,Rio de Janeiro,0.21
2022,510.43,Santo Antônio de Pádua,3304706,Rio de Janeiro,0.21
2022,340.39,Sapucaia,3305406,Rio de Janeiro,0.04
2022,194.9,Saquarema,3305505,Rio de Janeiro,0.04
2022,499.15,Silva Jardim,3305604,Rio de Janeiro,0.03
2022,264.88,Sumidouro,3305703,Rio de Janeiro,0.05
2022,704.04,São Fidélis,3304805,Rio de Janeiro,0.18
2022,888.5,São Francisco de Itabapoana,3304755,Rio de Janeiro,0.41
2022,210.54,São José de Ubá,3305133,Rio de Janeiro,0.05
2022,96.65,São José do Vale do Rio Preto,3305158,Rio de Janeiro,0.05
2022,277.87,São João da Barra,3305000,Rio de Janeiro,0.47
2022,248.48,São Pedro da Aldeia,3305208,Rio de Janeiro,0.15
2022,314.59,São Sebastião do Alto,3305307,Rio de Janeiro,0.03
2022,268.46,Teresópolis,3305802,Rio de Janeiro,0.07
2022,301.47,Trajano de Moraes,3305901,Rio de Janeiro,0.12
2022,989.85,Valença,3306107,Rio de Janeiro,0.04
2022,164.61,Abdon Batista,4200051,Santa Catarina,0.29
2022,727.37,Abelardo Luz,4200101,Santa Catarina,0.64
2022,138.22,Agrolândia,4200200,Santa Catarina,0.21
2022,95.48,Agronômica,4200309,Santa Catarina,0.39
2022,394.78,Alfredo Wagner,4200705,Santa Catarina,0.4
2022,179.22,Anchieta,4200804,Santa Catarina,0.12
2022,182.67,Angelina,4200903,Santa Catarina,0.13
2022,413.35,Anita Garibaldi,4201000,Santa Catarina,1.19
2022,78.83,Antônio Carlos,4201208,Santa Catarina,0.05
2022,215.46,Araquari,4201307,Santa Catarina,1.13
2022,251.66,Araranguá,4201406,Santa Catarina,0.04
2022,112.68,Armazém,4201505,Santa Catarina,0.4
2022,58.66,Arroio Trinta,4201604,Santa Catarina,0.03
2022,71.33,Arvoredo,4201653,Santa Catarina,0.02
2022,38.6,Ascurra,4201703,Santa Catarina,0.04
2022,72.06,Atalanta,4201802,Santa Catarina,0.18
2022,134.94,Aurora,4201901,Santa Catarina,0.12
2022,46.82,Balneário Arroio do Silva,4201950,Santa Catarina,0.26
2022,38.12,Balneário Barra do Sul,4202057,Santa Catarina,0.07
2022,106.93,Balneário Gaivota,4202073,Santa Catarina,0.44
2022,82.69,Balneário Piçarras,4212809,Santa Catarina,0.33
2022,115.24,Barra Velha,4202107,Santa Catarina,0.07
2022,313.62,Bela Vista do Toldo,4202131,Santa Catarina,0.32
2022,78.54,Belmonte,4202156,Santa Catarina,0.19
2022,163.54,Biguaçu,4202305,Santa Catarina,0.1
2022,166.52,Blumenau,4202404,Santa Catarina,0.07
2022,304.71,Bocaina do Sul,4202438,Santa Catarina,0.22
2022,66.38,Bom Jardim da Serra,4202503,Santa Catarina,1.99
2022,59.31,Bom Jesus do Oeste,4202578,Santa Catarina,0.07
2022,500.3,Bom Retiro,4202602,Santa Catarina,0.63
2022,59.81,Botuverá,4202701,Santa Catarina,0.05
2022,153.74,Braço do Norte,4202800,Santa Catarina,0.12
2022,63.37,Braço do Trombudo,4202859,Santa Catarina,0.04
2022,273.97,Brunópolis,4202875,Santa Catarina,2.55
2022,117.0,Brusque,4202909,Santa Catarina,0.33
2022,143.54,Caibi,4203105,Santa Catarina,0.47
2022,330.04,Calmon,4203154,Santa Catarina,2.1
2022,283.19,Campo Alegre,4203303,Santa Catarina,0.83
2022,623.11,Campo Belo do Sul,4203402,Santa Catarina,4.69
2022,387.15,Campo Erê,4203501,Santa Catarina,0.12
2022,1372.0,Campos Novos,4203600,Santa Catarina,0.39
2022,83.61,Canelinha,4203709,Santa Catarina,0.02
2022,787.2,Canoinhas,4203808,Santa Catarina,0.43
2022,193.99,Capinzal,4203907,Santa Catarina,0.02
2022,451.54,Capão Alto,4203253,Santa Catarina,4.44
2022,133.96,Catanduvas,4204004,Santa Catarina,0.06
2022,116.8,Caxambu do Sul,4204103,Santa Catarina,0.04
2022,647.29,Caçador,4203006,Santa Catarina,0.83
2022,143.62,Celso Ramos,4204152,Santa Catarina,0.13
2022,249.63,Cerro Negro,4204178,Santa Catarina,0.44
2022,81.6,Chapadão do Lageado,4204194,Santa Catarina,0.16
2022,498.36,Chapecó,4204202,Santa Catarina,0.09
2022,45.76,Cocal do Sul,4204251,Santa Catarina,0.22
2022,600.18,Concórdia,4204301,Santa Catarina,0.26
2022,94.45,Coronel Martins,4204459,Santa Catarina,0.05
2022,480.92,Correia Pinto,4204558,Santa Catarina,0.94
2022,128.88,Corupá,4204509,Santa Catarina,0.17
2022,194.24,Criciúma,4204608,Santa Catarina,0.53
2022,182.78,Cunha Porã,4204707,Santa Catarina,0.03
2022,42.17,Cunhataí,4204756,Santa Catarina,0.02
2022,686.31,Curitibanos,4204806,Santa Catarina,1.12
2022,238.16,Descanso,4204905,Santa Catarina,0.22
2022,113.44,Dona Emma,4205100,Santa Catarina,0.31
2022,119.21,Doutor Pedrinho,4205159,Santa Catarina,0.07
2022,61.5,Ermo,4205191,Santa Catarina,0.13
2022,272.31,Faxinal dos Guedes,4205308,Santa Catarina,0.04
2022,78.94,Formosa do Sul,4205431,Santa Catarina,0.03
2022,170.36,Forquilhinha,4205456,Santa Catarina,0.38
2022,438.81,Fraiburgo,4205506,Santa Catarina,0.71
2022,128.7,Frei Rogério,4205555,Santa Catarina,0.05
2022,122.65,Galvão,4205605,Santa Catarina,0.03
2022,123.42,Garuva,4205803,Santa Catarina,0.07
2022,173.76,Gaspar,4205902,Santa Catarina,0.13
2022,127.98,Gravatal,4206207,Santa Catarina,0.09
2022,185.89,Grão-Pará,4206108,Santa Catarina,0.41
2022,276.95,Guaraciaba,4206405,Santa Catarina,0.15
2022,176.2,Guaramirim,4206504,Santa Catarina,0.12
2022,150.87,Herval d'Oeste,4206702,Santa Catarina,0.02
2022,107.31,Ibiam,4206751,Santa Catarina,0.24
2022,104.07,Ibicaré,4206801,Santa Catarina,0.08
2022,102.75,Ibirama,4206900,Santa Catarina,0.02
2022,144.93,Ilhota,4207106,Santa Catarina,0.07
2022,269.84,Imaruí,4207205,Santa Catarina,0.06
2022,100.1,Imbuia,4207403,Santa Catarina,0.21
2022,112.45,Indaial,4207502,Santa Catarina,0.1
2022,76.23,Iomerê,4207577,Santa Catarina,0.16
2022,111.36,Ipira,4207601,Santa Catarina,0.11
2022,155.14,Iporã do Oeste,4207650,Santa Catarina,0.37
2022,220.05,Ipuaçu,4207684,Santa Catarina,0.04
2022,194.89,Ipumirim,4207700,Santa Catarina,0.02
2022,132.88,Iraceminha,4207759,Santa Catarina,0.5
2022,211.75,Irani,4207809,Santa Catarina,0.53
2022,59.35,Irati,4207858,Santa Catarina,0.02
2022,387.11,Irineópolis,4207908,Santa Catarina,0.17
2022,680.2,Itaiópolis,4208104,Santa Catarina,0.87
2022,186.37,Itajaí,4208203,Santa Catarina,0.18
2022,206.33,Itapiranga,4208401,Santa Catarina,0.53
2022,68.54,Itapoá,4208450,Santa Catarina,1.12
2022,246.7,Ituporanga,4208500,Santa Catarina,0.28
2022,211.83,Içara,4207007,Santa Catarina,0.11
2022,125.63,Jaborá,4208609,Santa Catarina,0.08
2022,241.77,Jacinto Machado,4208708,Santa Catarina,0.44
2022,253.74,Jaguaruna,4208807,Santa Catarina,0.36
2022,207.11,Jaraguá do Sul,4208906,Santa Catarina,0.07
2022,52.88,Jardinópolis,4208955,Santa Catarina,0.16
2022,167.03,Joaçaba,4209003,Santa Catarina,0.09
2022,412.54,Joinville,4209102,Santa Catarina,0.72
2022,108.1,José Boiteux,4209151,Santa Catarina,0.06
2022,1007.42,Lages,4209300,Santa Catarina,9.82
2022,129.29,Laguna,4209409,Santa Catarina,0.36
2022,137.47,Lauro Müller,4209607,Santa Catarina,0.28
2022,568.55,Lebon Régis,4209706,Santa Catarina,0.99
2022,132.08,Leoberto Leal,4209805,Santa Catarina,0.12
2022,141.46,Lindóia do Sul,4209854,Santa Catarina,0.03
2022,129.13,Lontras,4209904,Santa Catarina,0.02
2022,138.85,Luiz Alves,4210001,Santa Catarina,0.08
2022,154.64,Macieira,4210050,Santa Catarina,0.33
2022,962.75,Mafra,4210100,Santa Catarina,1.26
2022,101.64,Major Gercino,4210209,Santa Catarina,0.02
2022,350.83,Major Vieira,4210308,Santa Catarina,0.21
2022,56.71,Maracajá,4210407,Santa Catarina,0.08
2022,144.4,Maravilha,4210506,Santa Catarina,0.19
2022,201.58,Massaranduba,4210605,Santa Catarina,0.45
2022,226.78,Matos Costa,4210704,Santa Catarina,0.42
2022,167.82,Meleiro,4210803,Santa Catarina,0.02
2022,114.03,Mirim Doce,4210852,Santa Catarina,0.08
2022,79.44,Modelo,4210902,Santa Catarina,0.12
2022,145.77,Mondaí,4211009,Santa Catarina,0.6
2022,159.47,Monte Carlo,4211058,Santa Catarina,0.01
2022,291.12,Monte Castelo,4211108,Santa Catarina,0.43
2022,87.03,Morro Grande,4211256,Santa Catarina,0.34
2022,69.35,Morro da Fumaça,4211207,Santa Catarina,0.2
2022,80.81,Navegantes,4211306,Santa Catarina,0.05
2022,50.69,Nova Erechim,4211405,Santa Catarina,0.17
2022,104.71,Nova Itaberaba,4211454,Santa Catarina,0.05
2022,117.76,Nova Trento,4211504,Santa Catarina,0.01
2022,169.76,Nova Veneza,4211603,Santa Catarina,0.43
2022,121.83,Novo Horizonte,4211652,Santa Catarina,0.05
2022,266.64,Orleans,4211702,Santa Catarina,0.83
2022,675.27,Otacílio Costa,4211751,Santa Catarina,0.46
2022,162.66,Ouro,4211801,Santa Catarina,0.05
2022,140.75,Painel,4211892,Santa Catarina,1.46
2022,249.47,Palma Sola,4212007,Santa Catarina,0.06
2022,220.96,Palmeira,4212056,Santa Catarina,0.27
2022,294.22,Palmitos,4212106,Santa Catarina,0.9
2022,455.64,Papanduva,4212205,Santa Catarina,0.41
2022,149.29,Paraíso,4212239,Santa Catarina,0.06
2022,73.41,Passo de Torres,4212254,Santa Catarina,0.02
2022,325.32,Passos Maia,4212270,Santa Catarina,1.64
2022,93.73,Pedras Grandes,4212403,Santa Catarina,0.39
2022,37.61,Penha,4212502,Santa Catarina,0.15
2022,58.98,Pescaria Brava,4212650,Santa Catarina,0.01
2022,180.51,Petrolândia,4212700,Santa Catarina,0.25
2022,109.4,Pinhalzinho,4212908,Santa Catarina,0.15
2022,43.65,Pinheiro Preto,4213005,Santa Catarina,0.04
2022,47.49,Planalto Alegre,4213153,Santa Catarina,0.02
2022,372.89,Ponte Alta,4213302,Santa Catarina,0.19
2022,285.88,Ponte Alta do Norte,4213351,Santa Catarina,0.56
2022,351.4,Ponte Serrada,4213401,Santa Catarina,0.04
2022,469.93,Porto União,4213609,Santa Catarina,0.41
2022,235.98,Pouso Redondo,4213708,Santa Catarina,0.39
2022,122.22,Praia Grande,4213807,Santa Catarina,0.11
2022,44.59,Presidente Castello Branco,4213906,Santa Catarina,0.05
2022,201.02,Presidente Getúlio,4214003,Santa Catarina,0.28
2022,85.84,Presidente Nereu,4214102,Santa Catarina,0.02
2022,232.6,Quilombo,4214201,Santa Catarina,0.11
2022,188.83,Rio Fortuna,4214904,Santa Catarina,0.05
2022,602.7,Rio Negrinho,4215000,Santa Catarina,1.43
2022,83.67,Rio Rufino,4215059,Santa Catarina,0.12
2022,217.6,Rio das Antas,4214409,Santa Catarina,0.79
2022,253.5,Rio do Campo,4214508,Santa Catarina,0.39
2022,172.2,Rio do Oeste,4214607,Santa Catarina,0.36
2022,201.77,Rio dos Cedros,4214706,Santa Catarina,0.28
2022,150.19,Riqueza,4215075,Santa Catarina,0.43
2022,53.92,Rodeio,4215109,Santa Catarina,0.15
2022,174.59,Romelândia,4215208,Santa Catarina,0.12
2022,117.38,Salete,4215307,Santa Catarina,0.16
2022,74.55,Sangão,4215455,Santa Catarina,0.09
2022,843.56,Santa Cecília,4215505,Santa Catarina,1.24
2022,61.76,Santa Helena,4215554,Santa Catarina,0.22
2022,105.1,Santa Rosa de Lima,4215604,Santa Catarina,0.04
2022,110.88,Santa Rosa do Sul,4215653,Santa Catarina,0.04
2022,307.44,Santa Terezinha,4215679,Santa Catarina,1.33
2022,91.84,Santa Terezinha do Progresso,4215687,Santa Catarina,0.02
2022,64.69,Santiago do Sul,4215695,Santa Catarina,0.07
2022,169.43,Saudades,4217303,Santa Catarina,0.33
2022,46.6,Schroeder,4217402,Santa Catarina,0.07
2022,246.16,Seara,4217501,Santa Catarina,0.03
2022,75.06,Serra Alta,4217550,Santa Catarina,0.08
2022,108.02,Siderópolis,4217600,Santa Catarina,0.62
2022,121.23,Sombrio,4217709,Santa Catarina,0.21
2022,91.51,Sul Brasil,4217758,Santa Catarina,0.11
2022,226.46,São Bento do Sul,4215802,Santa Catarina,0.33
2022,119.07,São Bernardino,4215752,Santa Catarina,0.13
2022,132.32,São Carlos,4216008,Santa Catarina,0.24
2022,228.13,São Cristóvão do Sul,4216057,Santa Catarina,0.34
2022,314.59,São Domingos,4216107,Santa Catarina,0.07
2022,112.22,São Francisco do Sul,4216206,Santa Catarina,0.78
2022,288.67,São Joaquim,4216503,Santa Catarina,4.73
2022,234.86,São José do Cedro,4216701,Santa Catarina,0.04
2022,658.88,São José do Cerrito,4216800,Santa Catarina,3.32
2022,128.44,São João do Itaperiú,4216354,Santa Catarina,0.2
2022,121.92,São João do Oeste,4216255,Santa Catarina,0.21
2022,142.94,São João do Sul,4216404,Santa Catarina,0.05
2022,292.09,São Lourenço do Oeste,4216909,Santa Catarina,0.28
2022,69.01,São Ludgero,4217006,Santa Catarina,0.18
2022,126.85,São Martinho,4217105,Santa Catarina,0.05
2022,56.55,São Miguel da Boa Vista,4217154,Santa Catarina,0.06
2022,189.24,São Miguel do Oeste,4217204,Santa Catarina,0.11
2022,53.54,São Pedro de Alcântara,4217253,Santa Catarina,0.03
2022,364.99,Taió,4217808,Santa Catarina,0.64
2022,265.23,Tangará,4217907,Santa Catarina,0.59
2022,49.28,Tigrinhos,4217956,Santa Catarina,0.06
2022,108.64,Timbé do Sul,4218103,Santa Catarina,0.5
2022,68.59,Timbó,4218202,Santa Catarina,0.09
2022,339.09,Timbó Grande,4218251,Santa Catarina,1.44
2022,59.18,Treviso,4218350,Santa Catarina,0.34
2022,122.32,Treze de Maio,4218400,Santa Catarina,0.51
2022,80.51,Trombudo Central,4218608,Santa Catarina,0.12
2022,279.22,Três Barras,4218301,Santa Catarina,0.43
2022,236.89,Tubarão,4218707,Santa Catarina,0.25
2022,106.14,Tunápolis,4218756,Santa Catarina,0.64
2022,195.55,Turvo,4218806,Santa Catarina,0.27
2022,82.38,União do Oeste,4218855,Santa Catarina,0.07
2022,159.94,Urubici,4218905,Santa Catarina,0.13
2022,48.72,Urupema,4218954,Santa Catarina,0.43
2022,153.66,Urussanga,4219002,Santa Catarina,0.52
2022,249.69,Vargem,4219150,Santa Catarina,1.2
2022,203.98,Vargem Bonita,4219176,Santa Catarina,0.12
2022,137.49,Vargeão,4219101,Santa Catarina,0.06
2022,185.82,Vidal Ramos,4219200,Santa Catarina,0.61
2022,259.57,Videira,4219309,Santa Catarina,0.69
2022,157.56,Vitor Meireles,4219358,Santa Catarina,0.53
2022,100.09,Witmarsum,4219408,Santa Catarina,0.2
2022,328.79,Xanxerê,4219507,Santa Catarina,0.02
2022,180.74,Xavantina,4219606,Santa Catarina,0.08
2022,242.23,Xaxim,4219705,Santa Catarina,0.04
2022,800.83,Água Doce,4200408,Santa Catarina,6.65
2022,63.19,Águas Frias,4200556,Santa Catarina,0.02
2022,95.35,Águas Mornas,4200606,Santa Catarina,0.02
2022,176.5,Aquidabã,2800209,Sergipe,0.05
2022,168.78,Arauá,2800407,Sergipe,0.36
2022,68.5,Areia Branca,2800506,Sergipe,0.13
2022,51.02,Barra dos Coqueiros,2800605,Sergipe,0.02
2022,78.05,Brejo Grande,2800704,Sergipe,0.02
2022,56.58,Campo do Brito,2801009,Sergipe,0.25
2022,400.29,Capela,2801306,Sergipe,1.03
2022,43.34,Carmópolis,2801504,Sergipe,0.04
2022,39.19,Cedro de São João,2801603,Sergipe,0.02
2022,218.9,Cristinápolis,2801702,Sergipe,0.04
2022,98.29,Cumbe,2801900,Sergipe,0.05
2022,81.08,Divina Pastora,2802007,Sergipe,0.46
2022,428.71,Estância,2802106,Sergipe,0.28
2022,17.07,General Maynard,2802502,Sergipe,0.02
2022,88.16,Gracho Cardoso,2802601,Sergipe,0.33
2022,213.71,Indiaroba,2802809,Sergipe,0.07
2022,45.28,Itabaiana,2802908,Sergipe,0.12
2022,147.6,Itabaianinha,2803005,Sergipe,0.02
2022,39.9,Itabi,2803104,Sergipe,0.02
2022,468.04,Itaporanga d'Ajuda,2803203,Sergipe,0.67
2022,319.1,Japaratuba,2803302,Sergipe,0.6
2022,367.5,Japoatã,2803401,Sergipe,0.46
2022,120.5,Laranjeiras,2803609,Sergipe,0.16
2022,14.86,Malhada dos Bois,2803807,Sergipe,0.01
2022,72.09,Malhador,2803906,Sergipe,0.16
2022,77.94,Maruim,2804003,Sergipe,0.01
2022,27.12,Moita Bonita,2804102,Sergipe,0.02
2022,55.0,Muribeca,2804300,Sergipe,0.02
2022,207.61,Neópolis,2804409,Sergipe,0.46
2022,0.14,Nossa Senhora Aparecida,2804458,Sergipe,0.03
2022,418.53,Nossa Senhora das Dores,2804607,Sergipe,0.24
2022,113.71,Nossa Senhora do Socorro,2804805,Sergipe,0.23
2022,188.62,Pacatuba,2804904,Sergipe,0.2
2022,109.1,Pirambu,2805307,Sergipe,0.11
2022,63.37,Riachuelo,2805901,Sergipe,0.06
2022,148.25,Riachão do Dantas,2805802,Sergipe,0.07
2022,115.73,Ribeirópolis,2806008,Sergipe,0.17
2022,91.83,Rosário do Catete,2806107,Sergipe,0.07
2022,206.39,Salgado,2806206,Sergipe,0.29
2022,213.09,Santa Luzia do Itanhy,2806305,Sergipe,0.34
2022,53.07,Santa Rosa de Lima,2806503,Sergipe,0.16
2022,34.09,Santana do São Francisco,2806404,Sergipe,0.04
2022,146.62,Santo Amaro das Brotas,2806602,Sergipe,0.69
2022,145.58,Siriri,2807204,Sergipe,0.17
2022,263.98,São Cristóvão,2806701,Sergipe,0.29
2022,41.95,São Domingos,2806800,Sergipe,0.12
2022,79.59,São Francisco,2806909,Sergipe,0.16
2022,75.63,São Miguel do Aleixo,2807006,Sergipe,0.18
2022,111.42,Umbaúba,2807600,Sergipe,0.11
2022,98.63,Agudos,3500709,São Paulo,0.03
2022,61.13,Alumínio,3501152,São Paulo,0.15
2022,116.88,Americana,3501608,São Paulo,0.01
2022,369.91,Amparo,3501905,São Paulo,0.04
2022,64.88,Analândia,3502002,São Paulo,0.04
2022,236.27,Anhembi,3502309,São Paulo,0.11
2022,368.04,Apiaí,3502705,São Paulo,0.17
2022,548.82,Araras,3503307,São Paulo,0.02
2022,79.68,Araçariguama,3502754,São Paulo,0.12
2022,119.21,Ariranha,3503703,São Paulo,0.02
2022,168.32,Artur Nogueira,3503802,São Paulo,0.07
2022,56.73,Arujá,3503901,São Paulo,0.05
2022,350.93,Atibaia,3504107,São Paulo,0.16
2022,268.21,Avaré,3504503,São Paulo,0.15
2022,335.96,Avaí,3504305,São Paulo,0.04
2022,99.13,Bady Bassitt,3504602,São Paulo,0.01
2022,307.96,Bananal,3504909,São Paulo,0.01
2022,134.98,Barra Bonita,3505302,São Paulo,0.06
2022,230.89,Barra do Chapéu,3505351,São Paulo,0.1
2022,251.5,Barra do Turvo,3505401,São Paulo,0.42
2022,127.64,Barrinha,3505609,São Paulo,0.03
2022,56.76,Barueri,3505708,São Paulo,0.04
2022,250.16,Bauru,3506003,São Paulo,0.04
2022,63.53,Bertioga,3506359,São Paulo,0.24
2022,172.19,Bofete,3506904,São Paulo,0.05
2022,54.49,Bom Jesus dos Perdões,3507100,São Paulo,0.01
2022,506.64,Borborema,3507407,São Paulo,0.03
2022,175.3,Botucatu,3507506,São Paulo,0.13
2022,454.19,Bragança Paulista,3507605,São Paulo,0.01
2022,297.13,Buritama,3508108,São Paulo,0.08
2022,66.42,Buritizal,3508207,São Paulo,0.02
2022,139.09,Cabreúva,3508405,São Paulo,0.01
2022,109.5,Cajamar,3509205,São Paulo,0.04
2022,205.9,Cajati,3509254,São Paulo,0.39
2022,726.3,Campinas,3509502,São Paulo,0.29
2022,93.0,Campos do Jordão,3509700,São Paulo,0.01
2022,948.66,Capão Bonito,3510203,São Paulo,0.11
2022,110.95,Caraguatatuba,3510500,São Paulo,0.11
2022,890.34,Castilho,3511003,São Paulo,0.22
2022,139.92,Cosmópolis,3512803,São Paulo,0.03
2022,141.86,Cotia,3513009,São Paulo,0.4
2022,31.37,Cubatão,3513504,São Paulo,0.04
2022,417.3,Dois Córregos,3514106,São Paulo,0.02
2022,301.49,Eldorado,3514809,São Paulo,0.22
2022,44.63,Embu das Artes,3515004,São Paulo,0.26
2022,64.5,Embu-Guaçu,3515103,São Paulo,0.15
2022,88.3,Engenheiro Coelho,3515152,São Paulo,0.03
2022,490.98,Fernandópolis,3515509,São Paulo,0.05
2022,93.65,Franco da Rocha,3516408,São Paulo,0.08
2022,227.1,Guapiara,3517604,São Paulo,0.14
2022,191.06,Guararema,3518305,São Paulo,0.01
2022,527.88,Guaratinguetá,3518404,São Paulo,0.01
2022,50.2,Guarujá,3518701,São Paulo,0.09
2022,196.02,Guarulhos,3518800,São Paulo,0.2
2022,240.62,Ibirá,3519402,São Paulo,0.14
2022,518.02,Ibitinga,3519600,São Paulo,3.04
2022,434.85,Ibiúna,3519709,São Paulo,0.64
2022,240.8,Iguape,3520301,São Paulo,0.19
2022,626.29,Ilha Solteira,3520442,São Paulo,0.02
2022,19.76,Ilhabela,3520400,São Paulo,0.02
2022,277.55,Indaiatuba,3520509,São Paulo,0.02
2022,82.89,Iporanga,3521200,São Paulo,0.35
2022,523.28,Itaberá,3521705,São Paulo,0.03
2022,460.06,Itajobi,3521903,São Paulo,0.08
2022,92.28,Itanhaém,3522109,São Paulo,0.09
2022,93.36,Itaoca,3522158,São Paulo,0.02
2022,71.66,Itapecerica da Serra,3522208,São Paulo,0.39
2022,829.52,Itapetininga,3522307,São Paulo,0.05
2022,478.76,Itapeva,3522406,São Paulo,0.17
2022,52.9,Itapevi,3522505,São Paulo,0.11
2022,439.07,Itapira,3522604,São Paulo,0.17
2022,233.84,Itapirapuã Paulista,3522653,São Paulo,0.07
2022,69.15,Itaquaquecetuba,3523107,São Paulo,0.04
2022,344.38,Itararé,3523206,São Paulo,0.05
2022,79.94,Itariri,3523305,São Paulo,0.17
2022,82.99,Itatinga,3523503,São Paulo,0.06
2022,161.32,Itirapina,3523602,São Paulo,0.05
2022,508.86,Itu,3523909,São Paulo,0.35
2022,158.58,Itupeva,3524006,São Paulo,0.13
2022,127.13,Jaci,3524501,São Paulo,0.01
2022,226.9,Jacupiranga,3524600,São Paulo,0.14
2022,123.71,Jaguariúna,3524709,São Paulo,0.05
2022,14.42,Jandira,3525003,São Paulo,0.03
2022,149.34,Jarinu,3525201,São Paulo,0.05
2022,653.8,Jaú,3525300,São Paulo,0.05
2022,772.07,José Bonifácio,3525706,São Paulo,0.09
2022,309.82,Jundiaí,3525904,São Paulo,0.04
2022,106.15,Juquitiba,3526209,São Paulo,0.18
2022,191.51,Juquiá,3526100,São Paulo,0.03
2022,362.04,Laranjal Paulista,3526407,São Paulo,0.03
2022,556.29,Limeira,3526902,São Paulo,0.14
2022,350.79,Lorena,3527207,São Paulo,0.03
2022,98.37,Lourdes,3527256,São Paulo,0.18
2022,47.12,Louveira,3527306,São Paulo,0.01
2022,270.12,Macedônia,3528205,São Paulo,0.01
2022,133.7,Mairinque,3528403,São Paulo,0.13
2022,149.47,Mairiporã,3528502,São Paulo,0.08
2022,934.33,Marília,3529005,São Paulo,0.02
2022,198.79,Miracatu,3529906,São Paulo,0.2
2022,220.72,Mirassol,3530300,São Paulo,0.02
2022,512.29,Mococa,3530508,São Paulo,0.11
2022,366.79,Mogi Guaçu,3530706,São Paulo,0.03
2022,443.12,Mogi das Cruzes,3530607,São Paulo,0.12
2022,21.62,Mongaguá,3531100,São Paulo,0.18
2022,453.56,Monte Aprazível,3531407,São Paulo,0.03
2022,221.55,Monte Mor,3531803,São Paulo,0.01
2022,154.34,Monteiro Lobato,3531704,São Paulo,0.02
2022,536.13,Natividade da Serra,3532306,São Paulo,0.06
2022,195.8,Nazaré Paulista,3532405,São Paulo,0.15
2022,200.78,Nova Campina,3532827,São Paulo,0.09
2022,174.36,Oriente,3534104,São Paulo,0.08
2022,60.48,Osasco,3534401,São Paulo,0.01
2022,303.06,Panorama,3535408,São Paulo,0.19
2022,549.64,Paraibuna,3535606,São Paulo,0.02
2022,257.16,Paranapanema,3535804,São Paulo,0.11
2022,139.77,Pariquera-Açu,3536208,São Paulo,0.04
2022,90.23,Pedreira,3537107,São Paulo,0.03
2022,74.39,Pedro de Toledo,3537206,São Paulo,0.04
2022,666.52,Penápolis,3537305,São Paulo,0.01
2022,71.71,Peruíbe,3537602,São Paulo,0.04
2022,417.15,Piedade,3537800,São Paulo,0.47
2022,480.26,Pilar do Sul,3537909,São Paulo,0.1
2022,164.36,Pindorama,3538105,São Paulo,0.19
2022,91.93,Piquete,3538501,São Paulo,0.02
2022,290.4,Piracaia,3538600,São Paulo,0.04
2022,1000.23,Piracicaba,3538709,São Paulo,0.1
2022,394.04,Piraju,3538808,São Paulo,0.03
2022,720.54,Pirajuí,3538907,São Paulo,0.04
2022,64.08,Pirapora do Bom Jesus,3539103,São Paulo,0.04
2022,299.4,Pitangueiras,3539509,São Paulo,0.04
2022,687.16,Pompéia,3540002,São Paulo,0.04
2022,327.84,Pontal,3540200,São Paulo,0.41
2022,44.35,Praia Grande,3541000,São Paulo,0.34
2022,772.73,Rancharia,3542206,São Paulo,0.02
2022,331.19,Registro,3542602,São Paulo,0.45
2022,136.89,Ribeira,3542800,São Paulo,0.17
2022,409.58,Ribeirão Branco,3543006,São Paulo,0.13
2022,127.52,Ribeirão Grande,3543253,São Paulo,0.02
2022,149.08,Rincão,3543709,São Paulo,0.1
2022,349.34,Riolândia,3544202,São Paulo,0.01
2022,329.91,Riversul,3543501,São Paulo,0.03
2022,240.51,Salesópolis,3545001,São Paulo,0.01
2022,119.73,Salto,3545209,São Paulo,0.04
2022,345.93,Sandovalina,3545506,São Paulo,0.23
2022,209.05,Santa Branca,3546009,São Paulo,0.01
2022,264.12,Santa Bárbara d'Oeste,3545803,São Paulo,0.07
2022,171.46,Santa Cruz das Palmeiras,3546306,São Paulo,0.02
2022,704.65,Santa Cruz do Rio Pardo,3546405,São Paulo,0.02
2022,93.41,Santa Gertrudes,3546702,São Paulo,0.05
2022,219.89,Santa Isabel,3546801,São Paulo,0.1
2022,240.08,Santa Rita do Passa Quatro,3547502,São Paulo,0.03
2022,113.88,Santana de Parnaíba,3547304,São Paulo,0.06
2022,53.69,Santos,3548500,São Paulo,0.06
2022,113.51,Santópolis do Aguapeí,3548401,São Paulo,0.01
2022,165.45,Serra Negra,3551603,São Paulo,0.02
2022,229.65,Sete Barras,3551801,São Paulo,0.31
2022,385.28,Socorro,3552106,São Paulo,0.03
2022,390.48,Sorocaba,3552205,São Paulo,0.07
2022,143.31,Suzano,3552502,São Paulo,0.12
2022,299.96,Suzanápolis,3552551,São Paulo,0.07
2022,179.08,São Bernardo do Campo,3548708,São Paulo,0.02
2022,344.59,São José do Rio Pardo,3549706,São Paulo,0.35
2022,777.95,São José dos Campos,3549904,São Paulo,0.12
2022,452.17,São João da Boa Vista,3549102,São Paulo,0.05
2022,47.97,São Lourenço da Serra,3549953,São Paulo,0.13
2022,256.98,São Manuel,3550100,São Paulo,0.02
2022,694.87,São Miguel Arcanjo,3550209,São Paulo,0.08
2022,1121.08,São Paulo,3550308,São Paulo,0.62
2022,331.67,São Pedro,3550407,São Paulo,0.22
2022,161.13,São Roque,3550605,São Paulo,0.11
2022,52.14,São Sebastião,3550704,São Paulo,0.03
2022,185.61,São Simão,3550902,São Paulo,0.04
2022,35.19,São Vicente,3551009,São Paulo,0.01
2022,332.82,Tabatinga,3552700,São Paulo,0.04
2022,85.97,Tapiraí,3553500,São Paulo,0.26
2022,551.17,Taquaritinga,3553708,São Paulo,0.05
2022,247.67,Tarumã,3553955,São Paulo,0.44
2022,490.13,Tatuí,3554003,São Paulo,0.02
2022,375.26,Tietê,3554508,São Paulo,0.03
2022,253.2,Torrinha,3554706,São Paulo,0.03
2022,68.02,Ubatuba,3555406,São Paulo,0.1
2022,228.97,Uchoa,3555604,São Paulo,0.06
2022,124.41,Valinhos,3556206,São Paulo,0.04
2022,113.39,Vargem,3556354,São Paulo,0.02
2022,32.46,Vargem Grande Paulista,3556453,São Paulo,0.05
2022,131.87,Votorantim,3557006,São Paulo,0.05
